Hour,Starting minute (inclussive),Ending minute (exclussive),TemperatureC,DewpointC,PressurehPa,WindDirectionDegrees,WindSpeedKMH,WindSpeedGustKMH,Humidity,HourlyPrecipMM,dailyrainMM,SolarRadiationWatts_m2,Generated power
0,0,5,0,0,0,0,0,0,0,0,0,0,0
0,5,10,0,0,0,0,0,0,0,0,0,0,0
0,10,15,8,4,1030,134,6,6,76,0,0,0,0
0,15,20,8,4,1030,137,4,8,76,0,0,0,0
0,20,25,8,4,1030,137,1,8,76,0,0,0,0
0,25,30,8,4,1030,137,4,4,76,0,0,0,0
0,30,35,8,4,1030,137,4,6,76,0,0,0,0
0,35,40,8,4,1030,137,3,6,78,0,0,0,0
0,40,45,8,4,1030,137,4,6,78,0,0,0,0
0,45,50,8,4,1030,132,4,6,78,0,0,0,0
0,50,55,8,4,1030,132,4,6,79,0,0,0,0
0,55,60,8,5,1030,132,3,6,79,0,0,0,0
1,0,5,8,4,1030,111,1,8,78,0,0,0,0
1,5,10,8,4,1030,110,3,9,78,0,0,0,0
1,10,15,8,4,1030,107,1,6,78,0,0,0,0
1,15,20,8,4,1030,107,3,9,78,0,0,0,0
1,20,25,7,4,1030,107,1,4,78,0,0,0,0
1,25,30,7,4,1030,108,3,4,79,0,0,0,0
1,30,35,7,4,1030,148,4,4,79,0,0,0,0
1,35,40,7,4,1030,138,4,8,80,0,0,0,0
1,40,45,7,4,1030,134,3,8,80,0,0,0,0
1,45,50,7,4,1030,144,4,8,80,0,0,0,0
1,50,55,7,4,1030,139,4,8,81,0,0,0,0
1,55,60,7,4,1030,138,1,8,81,0,0,0,0
2,0,5,7,4,1030,146,4,6,81,0,0,0,0
2,5,10,7,4,1030,148,8,14,81,0,0,0,0
2,10,15,7,4,1030,157,4,14,81,0,0,0,0
2,15,20,7,4,1030,138,1,14,81,0,0,0,0
2,20,25,7,4,1030,138,3,12,81,0,0,0,0
2,25,30,7,3,1030,114,6,8,81,0,0,0,0
2,30,35,6,3,1030,131,3,8,82,0,0,0,0
2,35,40,6,3,1031,139,4,11,82,0,0,0,0
2,40,45,6,3,1031,130,6,12,82,0,0,0,0
2,45,50,6,3,1031,117,3,8,82,0,0,0,0
2,50,55,6,3,1030,112,4,8,82,0,0,0,0
2,55,60,6,3,1031,121,4,6,83,0,0,0,0
3,0,5,6,3,1031,121,4,8,83,0,0,0,0
3,5,10,6,3,1031,132,4,6,82,0,0,0,0
3,10,15,6,3,1030,117,4,11,82,0,0,0,0
3,15,20,6,3,1030,125,1,6,82,0,0,0,0
3,20,25,6,3,1030,124,4,6,82,0,0,0,0
3,25,30,6,3,1030,126,4,6,82,0,0,0,0
3,30,35,6,3,1030,106,6,8,82,0,0,0,0
3,35,40,6,3,1030,105,3,6,81,0,0,0,0
3,40,45,6,3,1030,117,3,6,81,0,0,0,0
3,45,50,6,3,1030,110,4,11,81,0,0,0,0
3,50,55,6,3,1030,108,3,6,81,0,0,0,0
3,55,60,6,3,1030,113,4,6,81,0,0,0,0
4,0,5,6,3,1030,111,3,6,81,0,0,0,0
4,5,10,6,3,1030,104,3,4,81,0,0,0,0
4,10,15,6,3,1030,103,3,6,82,0,0,0,0
4,15,20,6,3,1030,98,4,6,82,0,0,0,0
4,20,25,6,3,1030,113,6,6,82,0,0,0,0
4,25,30,6,3,1030,120,3,11,82,0,0,0,0
4,30,35,6,3,1030,115,4,12,82,0,0,0,0
4,35,40,6,3,1030,117,3,6,82,0,0,0,0
4,40,45,6,3,1030,113,4,8,82,0,0,0,0
4,45,50,6,3,1030,110,6,6,82,0,0,0,0
4,50,55,6,3,1030,113,4,6,82,0,0,0,0
4,55,60,6,3,1030,113,4,9,82,0,0,0,0
5,0,5,6,3,1030,123,6,6,82,0,0,0,0
5,5,10,6,3,1030,112,3,11,82,0,0,0,0
5,10,15,6,3,1030,111,4,6,82,0,0,0,0
5,15,20,6,3,1030,114,4,6,82,0,0,0,0
5,20,25,6,3,1030,112,3,6,82,0,0,0,0
5,25,30,6,3,1030,111,4,9,82,0,0,0,0
5,30,35,6,3,1030,92,9,11,82,0,0,0,0
5,35,40,5,3,1030,108,4,11,82,0,0,0,0
5,40,45,5,3,1030,105,4,9,83,0,0,0,0
5,45,50,5,3,1030,118,3,11,83,0,0,0,0
5,50,55,5,3,1030,103,4,9,83,0,0,0,0
5,55,60,5,3,1030,108,3,9,83,0,0,0,0
6,0,5,5,3,1030,98,6,9,83,0,0,0,0
6,5,10,5,3,1030,110,4,11,83,0,0,0,0
6,10,15,5,3,1030,107,4,11,83,0,0,0,0
6,15,20,5,2,1030,106,3,11,83,0,0,0,0
6,20,25,5,2,1031,113,4,6,83,0,0,0,0
6,25,30,5,2,1031,115,3,6,83,0,0,0,0
6,30,35,5,2,1031,110,1,6,84,0,0,0,0
6,35,40,5,2,1031,116,6,9,84,0,0,0,0
6,40,45,5,2,1031,102,6,6,84,0,0,0,0
6,45,50,5,2,1031,128,3,6,84,0,0,0,0
6,50,55,5,2,1031,123,6,9,84,0,0,0,0
6,55,60,5,2,1031,116,3,9,84,0,0,0,0
7,0,5,5,3,1031,132,3,11,84,0,0,0,0
7,5,10,5,3,1031,142,6,11,84,0,0,0,0
7,10,15,5,2,1031,117,4,12,83,0,0,0,0
7,15,20,5,2,1031,113,4,9,84,0,0,0,0
7,20,25,5,2,1031,103,4,9,84,0,0,0,0
7,25,30,5,2,1031,103,4,9,84,0,0,0,0
7,30,35,5,2,1031,101,6,8,84,0,0,0,0
7,35,40,5,2,1031,130,6,9,84,0,0,0,0
7,40,45,5,2,1031,124,3,9,84,0,0,0,0
7,45,50,5,2,1031,119,8,12,84,0,0,0,0
7,50,55,5,2,1031,148,6,11,84,0,0,0,0
7,55,60,5,2,1031,109,3,9,85,0,0,0,0
8,0,5,5,2,1031,143,6,11,85,0,0,5,0
8,5,10,5,2,1031,109,3,9,85,0,0,7,0
8,10,15,5,2,1031,127,4,11,84,0,0,9,0
8,15,20,5,2,1031,112,3,8,85,0,0,12,0
8,20,25,5,2,1032,117,3,8,85,0,0,14,0
8,25,30,5,2,1032,108,4,6,85,0,0,18,0
8,30,35,5,2,1032,112,4,11,84,0,0,25,0
8,35,40,5,3,1032,121,6,6,84,0,0,32,0
8,40,45,5,3,1032,86,8,9,84,0,0,40,0
8,45,50,5,3,1032,111,4,12,83,0,0,49,0
8,50,55,5,3,1032,115,6,11,83,0,0,62,0
8,55,60,6,3,1032,102,4,12,83,0,0,74,0
9,0,5,6,3,1032,99,4,11,82,0,0,84,0
9,5,10,6,3,1032,128,4,9,82,0,0,98,0
9,10,15,6,3,1032,108,3,6,81,0,0,113,0
9,15,20,6,3,1032,119,1,9,81,0,0,127,0
9,20,25,7,3,1032,148,3,6,80,0,0,142,0
9,25,30,7,3,1032,132,1,8,79,0,0,156,0
9,30,35,7,3,1032,113,4,6,78,0,0,169,0
9,35,40,7,3,1032,119,1,8,77,0,0,183,0
9,40,45,7,3,1032,114,1,6,77,0,0,197,0
9,45,50,8,3,1033,168,1,6,76,0,0,209,0
9,50,55,8,4,1033,97,4,6,76,0,0,220,0
9,55,60,8,3,1033,103,0,9,75,0,0,230,0
10,0,5,8,3,1032,86,6,9,74,0,0,241,0
10,5,10,8,4,1032,101,3,6,75,0,0,253,0
10,10,15,8,4,1032,124,6,6,74,0,0,262,0
10,15,20,8,4,1033,134,4,8,74,0,0,272,0
10,20,25,8,4,1033,97,6,11,73,0,0,281,0
10,25,30,9,4,1032,113,6,11,72,0,0,292,0
10,30,35,9,4,1033,135,1,9,73,0,0,302,0
10,35,40,9,4,1033,157,3,9,72,0,0,311,0
10,40,45,9,4,1033,134,4,6,71,0,0,316,0
10,45,50,9,5,1033,126,1,9,72,0,0,323,0
10,50,55,9,5,1033,105,1,6,71,0,0,330,0
10,55,60,10,5,1032,85,3,8,71,0,0,338,0
11,0,5,10,5,1032,105,3,6,70,0,0,343,0
11,5,10,10,5,1032,72,4,6,69,0,0,350,0
11,10,15,10,5,1032,89,3,6,69,0,0,357,0
11,15,20,11,5,1032,162,3,6,67,0,0,364,0
11,20,25,11,5,1032,119,1,6,67,0,0,369,0
11,25,30,11,5,1032,153,4,4,66,0,0,376,0
11,30,35,11,5,1032,150,1,8,65,0,0,381,0
11,35,40,11,5,1032,150,1,6,65,0,0,390,0
11,40,45,12,5,1032,148,1,3,65,0,0,399,0
11,45,50,12,6,1032,156,0,3,64,0,0,401,0
11,50,55,12,5,1032,156,1,3,62,0,0,403,0
11,55,60,12,5,1032,156,3,4,62,0,0,406,0
12,0,5,13,6,1032,138,0,4,62,0,0,411,0
12,5,10,13,6,1032,142,1,3,61,0,0,415,0
12,10,15,13,6,1032,142,1,3,61,0,0,420,0
12,15,20,13,6,1032,142,1,4,59,0,0,420,0
12,20,25,14,6,1032,298,1,3,58,0,0,418,0
12,25,30,14,6,1031,298,1,4,57,0,0,420,0
12,30,35,14,5,1031,299,1,4,56,0,0,422,0
12,35,40,14,5,1032,302,1,4,55,0,0,424,0
12,40,45,14,5,1031,325,1,4,55,0,0,422,0
12,45,50,14,5,1031,334,3,6,55,0,0,424,0
12,50,55,14,5,1031,324,1,6,55,0,0,420,0
12,55,60,14,5,1031,341,4,6,53,0,0,420,0
13,0,5,15,4,1031,345,3,6,50,0,0,420,0
13,5,10,15,5,1031,339,4,6,50,0,0,418,0
13,10,15,15,4,1031,348,4,6,49,0,0,417,0
13,15,20,15,5,1031,345,0,6,50,0,0,413,0
13,20,25,15,5,1031,344,4,6,50,0,0,411,0
13,25,30,15,5,1031,345,3,6,51,0,0,408,0
13,30,35,15,5,1031,345,3,8,51,0,0,403,0
13,35,40,15,5,1031,344,1,8,51,0,0,397,0
13,40,45,15,5,1031,344,3,6,52,0,0,392,0
13,45,50,15,6,1031,342,3,6,53,0,0,390,0
13,50,55,15,5,1031,337,3,6,52,0,0,380,0
13,55,60,15,6,1031,336,6,8,53,0,0,371,0
14,0,5,15,6,1031,336,4,8,54,0,0,366,0
14,5,10,15,6,1031,333,3,8,54,0,0,265,0
14,10,15,15,6,1031,333,6,8,54,0,0,287,0
14,15,20,15,6,1031,329,4,6,54,0,0,323,0
14,20,25,15,6,1031,327,4,6,55,0,0,350,0
14,25,30,15,6,1031,332,8,8,56,0,0,315,0
14,30,35,15,7,1031,329,3,9,59,0,0,313,0
14,35,40,15,7,1031,326,4,8,60,0,0,308,0
14,40,45,15,7,1031,331,1,9,60,0,0,308,0
14,45,50,15,7,1031,310,3,8,60,0,0,308,0
14,50,55,15,7,1031,311,8,6,60,0,0,292,0
14,55,60,15,7,1031,319,3,8,60,0,0,297,0
15,0,5,15,7,1031,341,8,12,60,0,0,287,0
15,5,10,14,6,1031,338,4,14,59,0,0,262,0
15,10,15,14,6,1031,326,3,14,58,0,0,237,0
15,15,20,14,6,1031,314,9,9,59,0,0,230,0
15,20,25,14,6,1031,333,6,9,60,0,0,246,0
15,25,30,14,6,1031,320,9,12,61,0,0,202,0
15,30,35,14,6,1031,311,1,12,60,0,0,178,0
15,35,40,14,6,1031,315,6,12,61,0,0,213,0
15,40,45,14,6,1031,331,4,9,61,0,0,186,0
15,45,50,14,6,1031,333,3,8,60,0,0,179,0
15,50,55,14,6,1031,326,12,12,59,0,0,142,0
15,55,60,13,5,1031,348,6,12,59,0,0,114,0
16,0,5,13,6,1031,344,6,12,60,0,0,90,0
16,5,10,13,6,1031,319,4,8,62,0,0,130,0
16,10,15,13,6,1031,321,4,9,63,0,0,114,0
16,15,20,13,6,1031,329,3,8,63,0,0,100,0
16,20,25,13,6,1031,323,6,6,64,0,0,84,0
16,25,30,13,6,1031,340,1,8,65,0,0,72,0
16,30,35,13,7,1031,336,4,8,66,0,0,53,0
16,35,40,13,7,1031,333,3,8,68,0,0,37,0
16,40,45,13,7,1031,333,3,8,69,0,0,28,0
16,45,50,12,7,1031,342,8,4,69,0,0,25,0
16,50,55,12,7,1031,351,6,9,70,0,0,16,0
16,55,60,12,7,1031,350,1,9,72,0,0,16,0
17,0,5,12,7,1031,349,4,6,73,0,0,14,0
17,5,10,12,7,1031,344,3,4,74,0,0,12,0
17,10,15,12,7,1031,344,3,6,75,0,0,9,0
17,15,20,12,7,1031,344,1,4,75,0,0,5,0
17,20,25,12,7,1031,344,3,1,76,0,0,0,0
17,25,30,12,8,1031,344,1,4,77,0,0,0,0
17,30,35,11,7,1031,344,1,6,77,0,0,0,0
17,35,40,11,8,1031,344,4,3,78,0,0,0,0
17,40,45,11,8,1031,344,1,6,79,0,0,0,0
17,45,50,11,8,1031,344,0,4,79,0,0,0,0
17,50,55,11,8,1031,344,1,3,80,0,0,0,0
17,55,60,11,8,1031,344,1,1,80,0,0,0,0
18,0,5,11,8,1031,344,1,3,80,0,0,0,0
18,5,10,11,7,1031,344,0,3,80,0,0,0,0
18,10,15,11,7,1031,344,0,3,80,0,0,0,0
18,15,20,11,7,1031,344,1,1,81,0,0,0,0
18,20,25,11,7,1031,344,3,4,81,0,0,0,0
18,25,30,11,7,1031,344,1,4,80,0,0,0,0
18,30,35,10,7,1031,344,3,4,80,0,0,0,0
18,35,40,10,7,1031,344,0,3,81,0,0,0,0
18,40,45,10,7,1032,344,3,4,81,0,0,0,0
18,45,50,10,7,1032,344,0,3,81,0,0,0,0
18,50,55,10,7,1032,344,1,3,81,0,0,0,0
18,55,60,10,7,1032,344,3,1,82,0,0,0,0
19,0,5,10,7,1032,344,1,3,82,0,0,0,0
19,5,10,10,7,1032,344,1,4,82,0,0,0,0
19,10,15,10,7,1032,344,1,4,83,0,0,0,0
19,15,20,10,7,1032,344,1,3,83,0,0,0,0
19,20,25,10,7,1032,344,1,1,84,0,0,0,0
19,25,30,10,7,1032,344,1,3,84,0,0,0,0
19,30,35,10,7,1032,344,1,3,83,0,0,0,0
19,35,40,9,7,1032,344,1,3,84,0,0,0,0
19,40,45,9,7,1032,344,3,3,84,0,0,0,0
19,45,50,9,7,1032,344,1,3,85,0,0,0,0
19,50,55,9,7,1032,344,1,3,86,0,0,0,0
19,55,60,9,7,1032,344,0,3,86,0,0,0,0
20,0,5,9,7,1032,344,0,1,86,0,0,0,0
20,5,10,9,7,1032,344,0,1,86,0,0,0,0
20,10,15,9,7,1032,344,0,0,86,0,0,0,0
20,15,20,9,7,1032,344,3,0,86,0,0,0,0
20,20,25,9,7,1032,344,1,4,86,0,0,0,0
20,25,30,9,7,1032,344,0,4,85,0,0,0,0
20,30,35,9,7,1032,344,0,3,84,0,0,0,0
20,35,40,9,7,1032,344,1,3,84,0,0,0,0
20,40,45,9,7,1032,344,0,1,85,0,0,0,0
20,45,50,9,6,1032,344,0,3,85,0,0,0,0
20,50,55,9,6,1032,344,1,0,85,0,0,0,0
20,55,60,9,6,1032,344,0,1,86,0,0,0,0
21,0,5,8,6,1032,344,1,3,87,0,0,0,0
21,5,10,8,6,1032,344,1,3,87,0,0,0,0
21,10,15,8,6,1032,344,0,3,87,0,0,0,0
21,15,20,8,6,1032,344,0,1,87,0,0,0,0
21,20,25,8,6,1032,344,0,0,87,0,0,0,0
21,25,30,8,6,1032,344,0,0,87,0,0,0,0
21,30,35,8,6,1032,344,1,0,88,0,0,0,0
21,35,40,8,6,1032,344,0,1,88,0,0,0,0
21,40,45,7,6,1032,344,1,1,88,0,0,0,0
21,45,50,7,6,1032,344,3,3,88,0,0,0,0
21,50,55,7,6,1032,344,1,3,89,0,0,0,0
21,55,60,7,6,1032,344,3,3,89,0,0,0,0
22,0,5,7,6,1032,346,3,3,89,0,0,0,0
22,5,10,7,6,1032,347,3,4,89,0,0,0,0
22,10,15,7,6,1032,350,4,4,90,0,0,0,0
22,15,20,7,6,1032,9,1,4,90,0,0,0,0
22,20,25,7,6,1032,31,3,6,90,0,0,0,0
22,25,30,7,6,1032,31,1,4,90,0,0,0,0
22,30,35,7,6,1032,31,1,3,90,0,0,0,0
22,35,40,7,6,1032,31,1,3,90,0,0,0,0
22,40,45,7,6,1032,31,1,3,90,0,0,0,0
22,45,50,7,6,1032,31,1,3,90,0,0,0,0
22,50,55,7,6,1032,31,0,1,90,0,0,0,0
22,55,60,7,6,1032,31,1,3,90,0,0,0,0
23,0,5,7,6,1032,31,0,3,90,0,0,0,0
23,5,10,7,6,1032,31,3,1,90,0,0,0,0
23,10,15,7,5,1032,31,1,3,89,0,0,0,0
23,15,20,7,5,1032,31,1,3,90,0,0,0,0
23,20,25,7,5,1032,31,0,3,90,0,0,0,0
23,25,30,7,6,1032,31,1,3,91,0,0,0,0
23,30,35,7,6,1032,31,0,3,91,0,0,0,0
23,35,40,7,5,1032,31,0,3,90,0,0,0,0
23,40,45,7,5,1032,31,0,3,91,0,0,0,0
23,45,50,7,5,1032,31,0,1,91,0,0,0,0
23,50,55,6,5,1032,31,0,0,91,0,0,0,0
23,55,60,6,5,1032,31,0,0,91,0,0,0,0
0,0,5,6,5,1032,31,0,0,91,0,0,0,0
0,5,10,0,0,0,0,0,0,0,0,0,0,0
0,10,15,6,5,1032,31,1,3,91,0,0,0,0
0,15,20,6,5,1032,31,1,3,91,0,0,0,0
0,20,25,6,5,1032,31,3,4,91,0,0,0,0
0,25,30,6,5,1032,31,3,4,91,0,0,0,0
0,30,35,6,5,1032,32,1,4,92,0,0,0,0
0,35,40,6,5,1032,32,1,4,91,0,0,0,0
0,40,45,6,5,1032,32,1,3,91,0,0,0,0
0,45,50,6,5,1032,32,0,3,91,0,0,0,0
0,50,55,6,5,1032,32,1,3,92,0,0,0,0
0,55,60,6,5,1032,63,3,1,92,0,0,0,0
1,0,5,6,5,1032,67,1,4,92,0,0,0,0
1,5,10,6,5,1032,83,0,4,92,0,0,0,0
1,10,15,6,5,1032,83,0,4,92,0,0,0,0
1,15,20,6,5,1032,83,0,3,92,0,0,0,0
1,20,25,6,5,1032,83,1,3,92,0,0,0,0
1,25,30,6,5,1032,83,1,3,91,0,0,0,0
1,30,35,6,5,1032,83,1,3,91,0,0,0,0
1,35,40,6,5,1032,83,1,3,91,0,0,0,0
1,40,45,6,5,1032,83,1,3,92,0,0,0,0
1,45,50,6,5,1032,83,1,3,91,0,0,0,0
1,50,55,6,4,1032,83,3,3,91,0,0,0,0
1,55,60,5,4,1032,84,1,3,91,0,0,0,0
2,0,5,6,5,1032,83,1,3,92,0,0,0,0
2,5,10,6,5,1032,86,3,3,92,0,0,0,0
2,10,15,5,5,1032,86,1,4,92,0,0,0,0
2,15,20,5,4,1032,86,3,4,92,0,0,0,0
2,20,25,5,4,1032,104,1,4,92,0,0,0,0
2,25,30,5,4,1032,104,1,4,92,0,0,0,0
2,30,35,5,4,1032,104,1,4,91,0,0,0,0
2,35,40,5,4,1032,104,1,3,92,0,0,0,0
2,40,45,5,4,1032,104,1,3,92,0,0,0,0
2,45,50,5,4,1032,104,3,3,92,0,0,0,0
2,50,55,5,4,1032,104,1,4,92,0,0,0,0
2,55,60,5,4,1032,104,3,4,92,0,0,0,0
3,0,5,5,4,1032,104,1,4,92,0,0,0,0
3,5,10,5,4,1032,115,1,3,92,0,0,0,0
3,10,15,5,4,1032,115,1,4,92,0,0,0,0
3,15,20,5,4,1032,114,3,3,92,0,0,0,0
3,20,25,5,3,1031,111,4,3,92,0,0,0,0
3,25,30,5,3,1031,111,1,4,92,0,0,0,0
3,30,35,5,3,1031,111,1,4,92,0,0,0,0
3,35,40,5,3,1031,112,3,4,92,0,0,0,0
3,40,45,5,3,1031,99,3,4,92,0,0,0,0
3,45,50,5,3,1031,101,1,6,92,0,0,0,0
3,50,55,5,3,1031,119,1,4,92,0,0,0,0
3,55,60,5,3,1031,121,1,6,92,0,0,0,0
4,0,5,5,3,1031,123,4,6,92,0,0,0,0
4,5,10,5,3,1031,128,1,4,92,0,0,0,0
4,10,15,5,3,1031,128,1,6,92,0,0,0,0
4,15,20,4,3,1031,128,3,4,92,0,0,0,0
4,20,25,4,3,1031,128,3,3,92,0,0,0,0
4,25,30,4,3,1031,128,3,3,92,0,0,0,0
4,30,35,4,3,1031,128,1,3,92,0,0,0,0
4,35,40,4,3,1031,119,1,4,92,0,0,0,0
4,40,45,4,3,1031,119,1,4,92,0,0,0,0
4,45,50,4,3,1031,113,4,4,92,0,0,0,0
4,50,55,4,3,1031,101,3,4,92,0,0,0,0
4,55,60,4,3,1031,124,3,6,92,0,0,0,0
5,0,5,4,3,1030,126,1,8,92,0,0,0,0
5,5,10,4,3,1030,121,3,9,92,0,0,0,0
5,10,15,4,3,1030,138,4,4,92,0,0,0,0
5,15,20,4,3,1030,141,1,11,93,0,0,0,0
5,20,25,4,3,1030,141,1,8,92,0,0,0,0
5,25,30,4,3,1030,141,0,3,92,0,0,0,0
5,30,35,4,3,1030,134,6,3,92,0,0,0,0
5,35,40,4,2,1030,109,3,6,92,0,0,0,0
5,40,45,4,2,1030,132,6,9,92,0,0,0,0
5,45,50,4,3,1030,138,3,11,93,0,0,0,0
5,50,55,4,3,1030,144,3,8,93,0,0,0,0
5,55,60,4,3,1030,144,0,4,93,0,0,0,0
6,0,5,4,3,1030,144,1,3,93,0,0,0,0
6,5,10,4,2,1030,144,1,3,92,0,0,0,0
6,10,15,3,2,1031,144,1,4,93,0,0,0,0
6,15,20,3,2,1031,143,1,4,92,0,0,0,0
6,20,25,3,2,1030,144,4,3,93,0,0,0,0
6,25,30,3,2,1030,144,4,6,92,0,0,0,0
6,30,35,3,2,1030,148,3,4,93,0,0,0,0
6,35,40,3,2,1030,128,3,8,93,0,0,0,0
6,40,45,3,2,1030,118,3,8,93,0,0,0,0
6,45,50,3,2,1030,117,4,8,93,0,0,0,0
6,50,55,3,2,1030,126,3,6,93,0,0,0,0
6,55,60,3,2,1030,126,3,8,93,0,0,0,0
7,0,5,3,2,1030,119,3,4,93,0,0,0,0
7,5,10,3,2,1030,113,6,6,93,0,0,0,0
7,10,15,3,2,1030,109,4,6,93,0,0,0,0
7,15,20,3,2,1030,119,4,9,93,0,0,0,0
7,20,25,3,2,1031,119,3,11,93,0,0,0,0
7,25,30,3,2,1031,119,4,4,93,0,0,0,0
7,30,35,3,2,1030,121,3,6,93,0,0,0,0
7,35,40,3,2,1030,119,6,9,93,0,0,0,0
7,40,45,3,2,1030,125,3,11,93,0,0,0,0
7,45,50,3,2,1030,128,6,11,93,0,0,0,0
7,50,55,3,2,1030,119,4,11,93,0,0,0,0
7,55,60,3,2,1030,115,4,12,93,0,0,0,0
8,0,5,3,2,1030,110,3,9,93,0,0,0,0
8,5,10,3,2,1030,115,3,11,93,0,0,7,0
8,10,15,3,2,1030,109,3,6,93,0,0,9,0
8,15,20,3,2,1031,111,4,6,93,0,0,11,0
8,20,25,3,2,1031,112,3,9,93,0,0,14,0
8,25,30,3,2,1031,112,1,6,93,0,0,21,0
8,30,35,3,2,1031,111,3,4,93,0,0,30,0
8,35,40,4,2,1031,138,1,9,93,0,0,37,0
8,40,45,4,3,1031,151,4,11,93,0,0,47,0
8,45,50,4,3,1031,112,4,11,93,0,0,58,0
8,50,55,4,3,1031,142,0,11,93,0,0,69,0
8,55,60,4,3,1031,162,3,8,93,0,0,79,0
9,0,5,4,3,1031,109,6,11,93,0,0,91,0
9,5,10,4,3,1031,135,12,11,92,0,0,105,0
9,10,15,5,3,1031,180,0,14,92,0,0,118,0
9,15,20,5,3,1031,106,6,14,92,0,0,130,0
9,20,25,5,4,1031,113,3,8,92,0,0,144,0
9,25,30,5,4,1031,123,6,11,91,0,0,158,0
9,30,35,5,4,1031,105,4,11,91,0,0,169,0
9,35,40,6,5,1031,126,3,8,91,0,0,181,0
9,40,45,6,5,1031,128,3,4,90,0,0,193,0
9,45,50,6,5,1031,101,1,8,89,0,0,202,0
9,50,55,6,5,1031,114,3,6,88,0,0,213,0
9,55,60,7,5,1031,107,4,4,87,0,0,223,0
10,0,5,7,5,1031,98,3,4,86,0,0,234,0
10,5,10,7,5,1031,107,1,6,85,0,0,243,0
10,10,15,7,5,1031,108,1,9,85,0,0,253,0
10,15,20,7,5,1031,143,0,3,84,0,0,262,0
10,20,25,7,5,1031,102,3,3,83,0,0,281,0
10,25,30,8,5,1031,155,3,6,83,0,0,292,0
10,30,35,8,5,1031,69,4,6,83,0,0,302,0
10,35,40,8,5,1031,109,1,4,82,0,0,311,0
10,40,45,8,5,1031,112,3,6,81,0,0,316,0
10,45,50,8,5,1031,126,1,6,81,0,0,323,0
10,50,55,8,5,1031,144,1,4,81,0,0,332,0
10,55,60,9,5,1031,136,1,4,80,0,0,338,0
11,0,5,9,5,1031,186,3,8,79,0,0,345,0
11,5,10,9,5,1031,138,6,8,79,0,0,353,0
11,10,15,9,5,1031,155,6,9,78,0,0,362,0
11,15,20,9,5,1031,150,6,9,78,0,0,367,0
11,20,25,9,5,1031,145,3,8,78,0,0,374,0
11,25,30,9,5,1031,164,1,6,78,0,0,380,0
11,30,35,9,5,1031,95,1,8,77,0,0,387,0
11,35,40,9,6,1031,144,6,9,77,0,0,397,0
11,40,45,10,6,1030,131,0,8,76,0,0,401,0
11,45,50,10,6,1030,123,4,6,75,0,0,401,0
11,50,55,10,6,1030,140,4,8,75,0,0,404,0
11,55,60,10,6,1030,182,0,6,75,0,0,410,0
12,0,5,11,7,1030,158,3,4,77,0,0,413,0
12,5,10,11,6,1030,102,1,8,72,0,0,418,0
12,10,15,11,6,1030,148,4,9,72,0,0,420,0
12,15,20,11,6,1030,87,6,8,72,0,0,424,0
12,20,25,11,6,1030,78,4,9,73,0,0,424,0
12,25,30,11,6,1030,95,4,11,72,0,0,425,0
12,30,35,11,7,1030,168,6,12,72,0,0,425,0
12,35,40,12,6,1030,133,3,8,71,0,0,418,0
12,40,45,12,7,1030,92,4,9,72,0,0,424,0
12,45,50,12,7,1029,121,3,6,71,0,0,425,0
12,50,55,12,7,1030,155,0,6,69,0,0,424,0
12,55,60,12,7,1029,190,6,8,70,0,0,420,0
13,0,5,12,7,1029,192,6,6,69,0,0,422,0
13,5,10,12,7,1029,188,4,6,68,0,0,418,0
13,10,15,12,7,1029,169,0,8,68,0,0,415,0
13,15,20,12,7,1029,212,1,6,68,0,0,415,0
13,20,25,13,7,1029,184,1,4,68,0,0,411,0
13,25,30,12,7,1029,178,0,6,68,0,0,410,0
13,30,35,13,7,1029,180,3,6,67,0,0,404,0
13,35,40,13,7,1029,148,1,4,67,0,0,401,0
13,40,45,13,7,1029,193,1,4,64,0,0,399,0
13,45,50,14,7,1029,155,1,6,63,0,0,397,0
13,50,55,14,7,1029,166,4,6,64,0,0,383,0
13,55,60,14,7,1028,194,4,8,65,0,0,380,0
14,0,5,14,7,1028,172,1,6,63,0,0,373,0
14,5,10,14,7,1028,210,4,6,63,0,0,367,0
14,10,15,14,7,1028,140,3,6,62,0,0,364,0
14,15,20,14,7,1028,176,1,8,62,0,0,353,0
14,20,25,14,6,1028,176,3,6,62,0,0,348,0
14,25,30,14,7,1028,145,1,6,63,0,0,345,0
14,30,35,14,8,1028,228,0,6,68,0,0,334,0
14,35,40,14,8,1028,212,1,8,70,0,0,323,0
14,40,45,14,8,1028,212,1,4,70,0,0,315,0
14,45,50,14,8,1028,212,0,4,69,0,0,302,0
14,50,55,14,8,1028,212,0,3,69,0,0,294,0
14,55,60,15,8,1028,212,1,3,68,0,0,287,0
15,0,5,14,8,1028,267,1,1,68,0,0,274,0
15,5,10,14,8,1028,271,3,6,70,0,0,262,0
15,10,15,13,8,1028,277,1,6,73,0,0,250,0
15,15,20,13,8,1028,332,1,6,74,0,0,244,0
15,20,25,13,8,1028,288,3,8,74,0,0,232,0
15,25,30,13,8,1028,287,1,4,74,0,0,220,0
15,30,35,13,8,1028,287,1,4,74,0,0,207,0
15,35,40,13,8,1028,286,1,4,74,0,0,195,0
15,40,45,13,8,1028,286,0,4,75,0,0,179,0
15,45,50,13,8,1028,286,1,4,75,0,0,169,0
15,50,55,13,8,1028,286,3,3,74,0,0,155,0
15,55,60,13,8,1028,286,3,4,74,0,0,141,0
16,0,5,13,8,1028,294,6,6,75,0,0,125,0
16,5,10,13,8,1028,292,3,6,76,0,0,113,0
16,10,15,13,8,1028,299,4,9,76,0,0,98,0
16,15,20,13,8,1028,338,4,6,76,0,0,86,0
16,20,25,12,8,1028,281,11,9,77,0,0,77,0
16,25,30,12,8,1028,286,6,11,79,0,0,67,0
16,30,35,12,8,1028,289,3,11,80,0,0,54,0
16,35,40,11,8,1028,295,1,6,81,0,0,39,0
16,40,45,11,8,1028,296,1,6,82,0,0,32,0
16,45,50,11,8,1028,291,4,4,82,0,0,28,0
16,50,55,11,8,1028,280,4,8,83,0,0,23,0
16,55,60,11,8,1028,284,3,9,84,0,0,19,0
17,0,5,10,8,1028,284,1,6,84,0,0,16,0
17,5,10,10,8,1028,284,0,4,85,0,0,12,0
17,10,15,10,8,1028,284,1,4,85,0,0,9,0
17,15,20,10,8,1028,284,1,3,85,0,0,5,0
17,20,25,10,8,1028,284,3,3,86,0,0,0,0
17,25,30,10,8,1028,284,0,3,86,0,0,0,0
17,30,35,10,8,1028,284,0,3,86,0,0,0,0
17,35,40,10,7,1028,284,3,3,86,0,0,0,0
17,40,45,10,7,1028,284,1,3,86,0,0,0,0
17,45,50,9,7,1028,284,0,3,86,0,0,0,0
17,50,55,9,7,1028,284,1,1,87,0,0,0,0
17,55,60,9,7,1028,284,0,1,87,0,0,0,0
18,0,5,9,7,1028,284,0,3,87,0,0,0,0
18,5,10,9,7,1028,284,0,1,87,0,0,0,0
18,10,15,9,7,1028,284,0,1,87,0,0,0,0
18,15,20,9,7,1028,284,1,3,87,0,0,0,0
18,20,25,9,7,1028,284,0,1,87,0,0,0,0
18,25,30,9,7,1028,284,0,1,86,0,0,0,0
18,30,35,9,7,1028,284,0,1,86,0,0,0,0
18,35,40,9,6,1028,284,0,1,86,0,0,0,0
18,40,45,9,6,1028,284,0,1,86,0,0,0,0
18,45,50,9,6,1028,284,1,1,86,0,0,0,0
18,50,55,8,6,1028,284,1,1,86,0,0,0,0
18,55,60,8,6,1028,284,0,1,86,0,0,0,0
19,0,5,8,6,1028,284,0,1,86,0,0,0,0
19,5,10,8,6,1028,284,0,1,86,0,0,0,0
19,10,15,8,6,1028,284,0,1,86,0,0,0,0
19,15,20,8,6,1028,284,0,1,85,0,0,0,0
19,20,25,8,6,1028,284,0,0,85,0,0,0,0
19,25,30,8,6,1028,284,0,1,85,0,0,0,0
19,30,35,8,6,1028,284,0,0,85,0,0,0,0
19,35,40,8,6,1028,284,1,3,85,0,0,0,0
19,40,45,8,6,1028,286,3,3,86,0,0,0,0
19,45,50,8,6,1028,286,4,4,86,0,0,0,0
19,50,55,8,6,1028,285,1,4,85,0,0,0,0
19,55,60,8,6,1028,285,3,3,85,0,0,0,0
20,0,5,8,6,1028,285,0,3,85,0,0,0,0
20,5,10,8,6,1028,285,0,3,85,0,0,0,0
20,10,15,8,6,1028,285,1,3,85,0,0,0,0
20,15,20,8,6,1028,285,3,3,85,0,0,0,0
20,20,25,8,6,1028,285,3,3,85,0,0,0,0
20,25,30,8,6,1028,285,0,3,85,0,0,0,0
20,30,35,8,5,1028,285,0,3,85,0,0,0,0
20,35,40,7,5,1028,285,1,0,85,0,0,0,0
20,40,45,7,5,1028,285,0,1,86,0,0,0,0
20,45,50,7,5,1028,285,0,1,86,0,0,0,0
20,50,55,7,5,1028,285,0,3,87,0,0,0,0
20,55,60,7,5,1028,285,0,1,87,0,0,0,0
21,0,5,7,5,1028,285,1,0,87,0,0,0,0
21,5,10,7,5,1028,285,0,3,87,0,0,0,0
21,10,15,7,5,1028,285,0,3,87,0,0,0,0
21,15,20,7,5,1028,285,0,3,88,0,0,0,0
21,20,25,7,5,1028,285,0,1,88,0,0,0,0
21,25,30,7,5,1028,285,1,1,88,0,0,0,0
21,30,35,7,6,1028,285,1,3,88,0,0,0,0
21,35,40,7,6,1028,285,1,3,88,0,0,0,0
21,40,45,7,6,1028,285,0,3,87,0,0,0,0
21,45,50,8,6,1028,285,1,1,86,0,0,0,0
21,50,55,7,5,1028,323,3,3,85,0,0,0,0
21,55,60,7,5,1028,326,1,11,86,0,0,0,0
22,0,5,7,5,1028,326,0,6,86,0,0,0,0
22,5,10,7,5,1028,326,0,4,87,0,0,0,0
22,10,15,6,5,1028,326,0,1,87,0,0,0,0
22,15,20,6,5,1028,326,0,0,88,0,0,0,0
22,20,25,6,5,1028,326,0,1,88,0,0,0,0
22,25,30,6,5,1027,326,0,1,88,0,0,0,0
22,30,35,7,5,1027,326,0,1,88,0,0,0,0
22,35,40,7,5,1027,326,0,1,87,0,0,0,0
22,40,45,6,5,1027,326,0,1,87,0,0,0,0
22,45,50,6,5,1027,326,0,1,87,0,0,0,0
22,50,55,6,5,1027,326,0,3,87,0,0,0,0
22,55,60,6,5,1027,326,0,3,87,0,0,0,0
23,0,5,6,5,1027,326,3,0,87,0,0,0,0
23,5,10,6,5,1027,326,1,4,87,0,0,0,0
23,10,15,7,5,1027,348,3,4,86,0,0,0,0
23,15,20,7,5,1027,348,0,6,85,0,0,0,0
23,20,25,7,5,1027,350,1,4,84,0,0,0,0
23,25,30,7,5,1027,5,0,6,84,0,0,0,0
23,30,35,7,5,1027,5,4,8,83,0,0,0,0
23,35,40,7,5,1027,5,1,6,81,0,0,0,0
23,40,45,7,4,1027,5,1,8,80,0,0,0,0
23,45,50,7,4,1027,5,0,3,80,0,0,0,0
23,50,55,7,4,1027,5,3,4,80,0,0,0,0
23,55,60,7,4,1027,5,1,3,80,0,0,0,0
0,0,5,7,4,1027,96,4,4,80,0,0,0,0
0,5,10,0,0,0,0,0,0,0,0,0,0,0
0,10,15,7,4,1027,94,3,4,79,0,0,0,0
0,15,20,8,4,1027,83,6,4,78,0,0,0,0
0,20,25,8,4,1027,100,3,11,76,0,0,0,0
0,25,30,8,4,1027,98,6,11,75,0,0,0,0
0,30,35,8,4,1027,107,6,9,75,0,0,0,0
0,35,40,8,4,1026,98,6,9,74,0,0,0,0
0,40,45,8,4,1026,96,3,9,74,0,0,0,0
0,45,50,9,4,1026,87,4,9,74,0,0,0,0
0,50,55,9,5,1026,73,6,4,74,0,0,0,0
0,55,60,9,4,1026,71,8,8,73,0,0,0,0
1,0,5,9,5,1026,104,11,8,72,0,0,0,0
1,5,10,9,4,1026,55,8,12,71,0,0,0,0
1,10,15,9,5,1026,57,3,12,71,0,0,0,0
1,15,20,9,4,1026,57,0,6,70,0,0,0,0
1,20,25,9,4,1026,86,4,3,71,0,0,0,0
1,25,30,9,4,1026,80,8,12,71,0,0,0,0
1,30,35,9,4,1026,81,3,17,71,0,0,0,0
1,35,40,9,4,1026,124,8,14,71,0,0,0,0
1,40,45,9,4,1026,91,6,14,72,0,0,0,0
1,45,50,9,5,1026,115,4,16,73,0,0,0,0
1,50,55,9,4,1026,109,9,16,72,0,0,0,0
1,55,60,9,5,1026,103,4,17,72,0,0,0,0
2,0,5,9,4,1026,102,11,14,71,0,0,0,0
2,5,10,9,5,1026,103,6,20,71,0,0,0,0
2,10,15,9,4,1026,97,4,19,70,0,0,0,0
2,15,20,9,4,1026,96,14,17,70,0,0,0,0
2,20,25,9,4,1026,109,6,14,70,0,0,0,0
2,25,30,9,4,1026,115,4,14,70,0,0,0,0
2,30,35,9,4,1026,95,9,19,69,0,0,0,0
2,35,40,9,4,1026,84,11,20,69,0,0,0,0
2,40,45,10,4,1026,90,14,30,67,0,0,0,0
2,45,50,10,3,1026,116,4,29,66,0,0,0,0
2,50,55,10,3,1026,92,12,25,65,0,0,0,0
2,55,60,10,3,1026,128,4,22,65,0,0,0,0
3,0,5,10,3,1026,103,3,24,65,0,0,0,0
3,5,10,10,3,1026,338,8,14,65,0,0,0,0
3,10,15,9,3,1026,344,6,12,68,0,0,0,0
3,15,20,9,3,1026,355,8,9,70,0,0,0,0
3,20,25,8,3,1026,355,6,9,71,0,0,0,0
3,25,30,8,3,1026,355,4,9,71,0,0,0,0
3,30,35,8,3,1026,35,6,9,71,0,0,0,0
3,35,40,8,3,1026,91,6,12,70,0,0,0,0
3,40,45,9,3,1026,110,16,14,66,0,0,0,0
3,45,50,9,2,1026,112,14,20,62,0,0,0,0
3,50,55,10,2,1026,90,4,24,61,0,0,0,0
3,55,60,10,2,1026,71,16,19,60,0,0,0,0
4,0,5,10,2,1026,33,6,22,60,0,0,0,0
4,5,10,10,2,1026,96,6,19,60,0,0,0,0
4,10,15,9,2,1026,105,14,16,60,0,0,0,0
4,15,20,9,2,1026,90,3,20,59,0,0,0,0
4,20,25,9,1,1026,100,9,16,58,0,0,0,0
4,25,30,9,1,1026,93,14,11,57,0,0,0,0
4,30,35,9,1,1026,105,3,17,57,0,0,0,0
4,35,40,9,1,1026,134,6,12,57,0,0,0,0
4,40,45,9,1,1026,90,4,11,57,0,0,0,0
4,45,50,9,1,1026,71,1,9,57,0,0,0,0
4,50,55,9,2,1026,330,4,6,61,0,0,0,0
4,55,60,8,2,1026,336,6,6,66,0,0,0,0
5,0,5,8,2,1026,341,3,8,68,0,0,0,0
5,5,10,7,2,1026,344,0,6,70,0,0,0,0
5,10,15,7,2,1026,344,0,6,70,0,0,0,0
5,15,20,7,2,1026,344,0,3,70,0,0,0,0
5,20,25,7,2,1026,335,3,1,71,0,0,0,0
5,25,30,7,2,1026,335,0,6,72,0,0,0,0
5,30,35,7,2,1026,335,0,3,72,0,0,0,0
5,35,40,7,2,1026,335,1,0,72,0,0,0,0
5,40,45,7,2,1026,335,0,3,73,0,0,0,0
5,45,50,6,2,1026,341,1,3,73,0,0,0,0
5,50,55,6,2,1026,347,1,3,73,0,0,0,0
5,55,60,6,1,1026,347,1,4,73,0,0,0,0
6,0,5,6,1,1026,347,0,3,73,0,0,0,0
6,5,10,6,1,1026,347,0,3,73,0,0,0,0
6,10,15,6,1,1026,347,0,1,74,0,0,0,0
6,15,20,6,2,1026,347,1,1,74,0,0,0,0
6,20,25,6,2,1026,348,1,3,73,0,0,0,0
6,25,30,6,2,1026,348,0,3,73,0,0,0,0
6,30,35,6,1,1026,349,3,3,72,0,0,0,0
6,35,40,6,2,1026,349,1,6,73,0,0,0,0
6,40,45,6,2,1026,349,1,4,73,0,0,0,0
6,45,50,6,1,1026,351,1,4,72,0,0,0,0
6,50,55,6,1,1026,32,3,4,71,0,0,0,0
6,55,60,6,1,1026,68,4,4,69,0,0,0,0
7,0,5,6,1,1026,67,3,4,67,0,0,0,0
7,5,10,7,1,1026,52,0,4,66,0,0,0,0
7,10,15,7,1,1026,46,3,6,67,0,0,0,0
7,15,20,6,1,1026,346,1,4,68,0,0,0,0
7,20,25,6,1,1026,345,1,4,68,0,0,0,0
7,25,30,6,1,1026,345,0,4,70,0,0,0,0
7,30,35,6,1,1026,345,1,3,69,0,0,0,0
7,35,40,6,1,1026,345,1,1,70,0,0,0,0
7,40,45,6,1,1026,345,0,3,69,0,0,0,0
7,45,50,6,1,1026,345,1,3,69,0,0,0,0
7,50,55,6,1,1027,350,8,4,68,0,0,0,0
7,55,60,6,1,1027,332,6,8,68,0,0,0,0
8,0,5,6,1,1027,327,3,6,68,0,0,5,0
8,5,10,6,1,1027,333,0,6,68,0,0,7,0
8,10,15,6,1,1027,333,0,4,68,0,0,9,0
8,15,20,6,1,1027,333,1,0,68,0,0,11,0
8,20,25,6,1,1027,331,4,3,67,0,0,12,0
8,25,30,6,1,1027,331,0,6,67,0,0,16,0
8,30,35,6,0,1027,56,3,4,65,0,0,23,0
8,35,40,7,0,1027,148,1,4,61,0,0,32,0
8,40,45,8,0,1027,117,4,8,58,0,0,40,0
8,45,50,8,0,1027,64,8,6,54,0,0,51,0
8,50,55,9,0,1027,115,6,12,51,0,0,62,0
8,55,60,9,0,1027,146,6,16,50,0,0,74,0
9,0,5,9,0,1027,92,6,0,49,0,0,81,0
9,5,10,9,-1,1027,146,9,17,47,0,0,102,0
9,10,15,10,-1,1027,105,11,20,47,0,0,116,0
9,15,20,10,-1,1027,101,12,22,45,0,0,127,0
9,20,25,10,-1,1027,124,8,24,44,0,0,148,0
9,25,30,10,-1,1027,129,12,22,45,0,0,155,0
9,30,35,10,-1,1027,124,6,17,44,0,0,169,0
9,35,40,10,-1,1027,92,11,20,44,0,0,188,0
9,40,45,11,0,1027,141,6,17,45,0,0,200,0
9,45,50,11,-1,1027,78,6,17,43,0,0,192,0
9,50,55,11,-1,1027,106,6,16,43,0,0,211,0
9,55,60,11,-1,1027,94,4,16,42,0,0,229,0
10,0,5,11,0,1027,110,4,14,43,0,0,234,0
10,5,10,11,-1,1027,134,11,12,40,0,0,257,0
10,10,15,12,-1,1027,115,6,16,40,0,0,260,0
10,15,20,12,0,1027,144,6,16,42,0,0,271,0
10,20,25,12,0,1027,79,8,11,41,0,0,290,0
10,25,30,12,0,1027,102,6,14,41,0,0,301,0
10,30,35,12,0,1027,131,3,17,41,0,0,311,0
10,35,40,12,0,1027,148,9,14,41,0,0,318,0
10,40,45,12,0,1027,141,11,16,41,0,0,323,0
10,45,50,12,0,1027,118,16,24,43,0,0,334,0
10,50,55,12,0,1027,126,11,19,44,0,0,343,0
10,55,60,12,0,1027,141,4,17,45,0,0,348,0
11,0,5,12,0,1027,148,9,12,44,0,0,352,0
11,5,10,12,0,1027,156,12,14,45,0,0,352,0
11,10,15,12,0,1027,147,6,12,45,0,0,366,0
11,15,20,12,0,1027,131,4,14,44,0,0,367,0
11,20,25,12,1,1027,201,4,11,45,0,0,378,0
11,25,30,13,1,1027,173,3,8,44,0,0,378,0
11,30,35,13,1,1027,203,3,8,44,0,0,392,0
11,35,40,13,1,1027,194,4,6,44,0,0,403,0
11,40,45,13,1,1027,188,8,8,45,0,0,406,0
11,45,50,13,1,1027,185,3,9,45,0,0,411,0
11,50,55,13,1,1027,175,3,8,46,0,0,415,0
11,55,60,13,1,1027,163,3,8,45,0,0,418,0
12,0,5,13,1,1027,130,1,6,45,0,0,420,0
12,5,10,13,1,1027,158,3,6,44,0,0,420,0
12,10,15,13,1,1027,150,0,8,45,0,0,425,0
12,15,20,14,2,1026,138,1,8,45,0,0,427,0
12,20,25,14,2,1026,112,3,8,44,0,0,427,0
12,25,30,14,1,1026,105,3,8,43,0,0,429,0
12,30,35,14,1,1026,178,1,8,41,0,0,431,0
12,35,40,14,1,1026,150,3,8,41,0,0,432,0
12,40,45,14,1,1026,113,1,6,40,0,0,432,0
12,45,50,15,1,1026,182,1,6,41,0,0,434,0
12,50,55,15,1,1026,179,3,6,41,0,0,436,0
12,55,60,15,0,1026,140,1,8,37,0,0,436,0
13,0,5,15,0,1026,86,8,11,34,0,0,432,0
13,5,10,15,0,1026,110,9,12,34,0,0,432,0
13,10,15,15,0,1026,56,6,16,33,0,0,431,0
13,15,20,15,0,1026,68,3,11,33,0,0,431,0
13,20,25,15,-1,1026,123,4,11,32,0,0,425,0
13,25,30,15,-1,1026,136,12,16,32,0,0,424,0
13,30,35,15,-1,1026,145,4,19,33,0,0,420,0
13,35,40,15,-1,1026,175,12,14,32,0,0,418,0
13,40,45,15,-1,1026,89,6,16,32,0,0,411,0
13,45,50,15,0,1026,163,6,16,33,0,0,413,0
13,50,55,15,-1,1026,92,3,9,32,0,0,403,0
13,55,60,15,-1,1026,179,8,8,32,0,0,394,0
14,0,5,15,0,1026,155,3,11,33,0,0,392,0
14,5,10,15,0,1026,134,8,11,33,0,0,381,0
14,10,15,15,0,1026,113,4,14,34,0,0,374,0
14,15,20,15,0,1026,145,4,14,33,0,0,373,0
14,20,25,15,0,1026,101,9,14,35,0,0,373,0
14,25,30,15,0,1026,134,3,11,34,0,0,359,0
14,30,35,15,0,1026,103,9,12,34,0,0,350,0
14,35,40,15,0,1026,65,4,12,35,0,0,343,0
14,40,45,15,0,1026,126,6,12,34,0,0,334,0
14,45,50,15,0,1026,158,3,16,34,0,0,323,0
14,50,55,15,0,1026,202,3,12,34,0,0,313,0
14,55,60,15,0,1026,134,4,12,35,0,0,304,0
15,0,5,15,0,1026,98,1,14,34,0,0,294,0
15,5,10,15,0,1026,112,4,9,35,0,0,283,0
15,10,15,15,0,1026,86,1,12,33,0,0,274,0
15,15,20,15,0,1026,108,6,9,34,0,0,264,0
15,20,25,15,0,1026,79,1,11,34,0,0,250,0
15,25,30,15,0,1026,108,1,12,35,0,0,239,0
15,30,35,15,0,1026,143,1,11,35,0,0,223,0
15,35,40,15,0,1026,111,4,11,35,0,0,211,0
15,40,45,15,0,1026,105,3,8,36,0,0,197,0
15,45,50,15,0,1026,88,3,11,35,0,0,178,0
15,50,55,15,1,1026,184,4,6,37,0,0,163,0
15,55,60,15,3,1026,260,9,4,46,0,0,151,0
16,0,5,14,4,1026,286,6,11,51,0,0,139,0
16,5,10,13,4,1026,283,3,9,54,0,0,125,0
16,10,15,13,5,1026,283,4,9,55,0,0,111,0
16,15,20,13,4,1026,279,3,4,54,0,0,98,0
16,20,25,13,4,1026,279,3,6,55,0,0,86,0
16,25,30,13,5,1026,279,1,4,55,0,0,74,0
16,30,35,13,5,1026,279,1,4,56,0,0,58,0
16,35,40,13,5,1026,279,6,3,56,0,0,35,0
16,40,45,13,5,1027,282,1,6,57,0,0,28,0
16,45,50,13,5,1027,282,1,6,58,0,0,26,0
16,50,55,13,5,1027,287,4,4,58,0,0,19,0
16,55,60,13,5,1026,287,1,4,59,0,0,16,0
17,0,5,13,5,1026,287,1,4,58,0,0,16,0
17,5,10,13,5,1027,287,1,1,58,0,0,11,0
17,10,15,12,5,1027,288,3,1,59,0,0,9,0
17,15,20,12,5,1027,289,4,4,61,0,0,5,0
17,20,25,12,5,1027,291,4,6,63,0,0,0,0
17,25,30,12,5,1027,291,1,6,65,0,0,0,0
17,30,35,11,5,1027,291,3,4,66,0,0,0,0
17,35,40,11,5,1027,325,4,3,66,0,0,0,0
17,40,45,11,5,1027,325,3,6,67,0,0,0,0
17,45,50,11,5,1027,337,1,3,67,0,0,0,0
17,50,55,11,5,1027,337,0,6,67,0,0,0,0
17,55,60,11,5,1027,337,1,3,68,0,0,0,0
18,0,5,11,5,1027,337,0,3,69,0,0,0,0
18,5,10,10,5,1027,337,0,3,69,0,0,0,0
18,10,15,10,5,1027,337,0,1,69,0,0,0,0
18,15,20,10,5,1027,337,0,1,69,0,0,0,0
18,20,25,10,5,1027,337,0,1,70,0,0,0,0
18,25,30,10,5,1027,337,0,1,71,0,0,0,0
18,30,35,10,5,1027,337,3,3,72,0,0,0,0
18,35,40,10,5,1027,337,0,3,72,0,0,0,0
18,40,45,10,5,1027,337,1,3,72,0,0,0,0
18,45,50,10,5,1027,337,0,3,72,0,0,0,0
18,50,55,10,5,1027,337,0,3,72,0,0,0,0
18,55,60,10,5,1027,337,3,3,72,0,0,0,0
19,0,5,10,5,1027,337,0,3,72,0,0,0,0
19,5,10,10,5,1027,337,1,3,72,0,0,0,0
19,10,15,10,5,1027,337,0,3,73,0,0,0,0
19,15,20,9,5,1027,336,4,3,72,0,0,0,0
19,20,25,9,4,1027,336,3,8,72,0,0,0,0
19,25,30,9,4,1027,336,0,6,71,0,0,0,0
19,30,35,9,3,1027,336,0,3,70,0,0,0,0
19,35,40,9,3,1027,336,0,3,70,0,0,0,0
19,40,45,8,3,1027,336,0,1,71,0,0,0,0
19,45,50,8,3,1027,336,0,0,71,0,0,0,0
19,50,55,8,3,1027,336,0,0,72,0,0,0,0
19,55,60,8,3,1027,336,0,0,73,0,0,0,0
20,0,5,8,3,1027,336,1,1,73,0,0,0,0
20,5,10,8,3,1027,336,0,1,74,0,0,0,0
20,10,15,8,3,1027,336,1,3,73,0,0,0,0
20,15,20,8,3,1027,336,1,1,73,0,0,0,0
20,20,25,8,3,1027,336,0,3,71,0,0,0,0
20,25,30,8,2,1027,336,1,3,69,0,0,0,0
20,30,35,8,2,1027,339,3,4,66,0,0,0,0
20,35,40,8,1,1027,339,1,4,64,0,0,0,0
20,40,45,8,1,1027,341,1,3,61,0,0,0,0
20,45,50,8,0,1027,341,1,4,59,0,0,0,0
20,50,55,8,0,1027,341,0,1,58,0,0,0,0
20,55,60,8,0,1027,341,0,1,58,0,0,0,0
21,0,5,8,0,1027,341,0,0,58,0,0,0,0
21,5,10,8,0,1027,341,1,1,58,0,0,0,0
21,10,15,8,1,1027,341,0,1,59,0,0,0,0
21,15,20,8,0,1027,341,0,3,57,0,0,0,0
21,20,25,8,0,1027,341,0,1,58,0,0,0,0
21,25,30,8,1,1027,341,0,1,61,0,0,0,0
21,30,35,8,0,1027,341,0,1,61,0,0,0,0
21,35,40,7,1,1027,341,0,1,62,0,0,0,0
21,40,45,7,1,1027,341,1,1,63,0,0,0,0
21,45,50,7,1,1027,341,0,3,64,0,0,0,0
21,50,55,7,1,1027,338,1,3,65,0,0,0,0
21,55,60,7,1,1027,301,1,3,63,0,0,0,0
22,0,5,7,1,1027,301,1,6,64,0,0,0,0
22,5,10,7,0,1027,301,1,3,64,0,0,0,0
22,10,15,7,0,1027,301,3,3,64,0,0,0,0
22,15,20,7,0,1027,301,1,3,64,0,0,0,0
22,20,25,7,0,1027,301,1,3,64,0,0,0,0
22,25,30,6,0,1027,301,1,3,64,0,0,0,0
22,30,35,6,0,1027,301,1,3,63,0,0,0,0
22,35,40,7,0,1027,315,3,3,62,0,0,0,0
22,40,45,7,0,1027,35,4,4,62,0,0,0,0
22,45,50,7,0,1027,73,4,6,62,0,0,0,0
22,50,55,7,0,1027,115,3,6,62,0,0,0,0
22,55,60,7,0,1027,114,3,8,61,0,0,0,0
23,0,5,7,0,1027,103,3,11,61,0,0,0,0
23,5,10,7,0,1027,109,6,6,61,0,0,0,0
23,10,15,7,0,1027,106,4,9,61,0,0,0,0
23,15,20,7,0,1027,121,4,12,61,0,0,0,0
23,20,25,8,0,1027,133,4,6,61,0,0,0,0
23,25,30,8,0,1027,111,3,8,60,0,0,0,0
23,30,35,8,0,1027,115,3,9,60,0,0,0,0
23,35,40,8,0,1027,135,6,9,60,0,0,0,0
23,40,45,8,0,1027,124,4,6,59,0,0,0,0
23,45,50,8,0,1027,115,4,8,60,0,0,0,0
23,50,55,7,0,1027,110,4,6,61,0,0,0,0
23,55,60,7,1,1027,131,4,9,62,0,0,0,0
0,0,5,7,1,1027,122,8,11,63,0,0,0,0
0,5,10,0,0,0,0,0,0,0,0,0,0,0
0,10,15,7,1,1027,117,3,8,64,0,0,0,0
0,15,20,7,1,1027,116,1,6,65,0,0,0,0
0,20,25,7,1,1027,128,3,4,66,0,0,0,0
0,25,30,7,1,1027,119,4,4,66,0,0,0,0
0,30,35,7,1,1027,136,8,6,66,0,0,0,0
0,35,40,7,1,1027,129,4,8,66,0,0,0,0
0,40,45,7,1,1027,121,4,8,66,0,0,0,0
0,45,50,7,1,1027,125,3,6,65,0,0,0,0
0,50,55,7,1,1027,122,4,6,65,0,0,0,0
0,55,60,7,1,1027,129,4,11,65,0,0,0,0
1,0,5,7,1,1027,107,4,9,65,0,0,0,0
1,5,10,7,1,1027,122,8,11,64,0,0,0,0
1,10,15,7,1,1027,131,6,14,64,0,0,0,0
1,15,20,7,1,1027,151,3,14,63,0,0,0,0
1,20,25,8,1,1027,130,3,14,62,0,0,0,0
1,25,30,8,1,1027,148,6,9,62,0,0,0,0
1,30,35,7,1,1027,159,3,12,62,0,0,0,0
1,35,40,7,1,1027,133,6,9,63,0,0,0,0
1,40,45,7,1,1028,116,1,9,64,0,0,0,0
1,45,50,7,1,1027,113,6,8,65,0,0,0,0
1,50,55,7,1,1027,123,4,11,65,0,0,0,0
1,55,60,7,1,1027,136,6,12,65,0,0,0,0
2,0,5,7,1,1028,107,4,8,66,0,0,0,0
2,5,10,6,1,1028,124,6,8,67,0,0,0,0
2,10,15,6,1,1028,132,6,9,68,0,0,0,0
2,15,20,6,1,1028,119,8,11,69,0,0,0,0
2,20,25,6,1,1028,109,4,9,68,0,0,0,0
2,25,30,6,1,1028,115,4,9,67,0,0,0,0
2,30,35,7,1,1028,133,4,11,66,0,0,0,0
2,35,40,7,1,1028,128,6,11,65,0,0,0,0
2,40,45,7,1,1028,153,4,14,64,0,0,0,0
2,45,50,7,1,1028,116,4,11,63,0,0,0,0
2,50,55,7,1,1028,131,8,12,63,0,0,0,0
2,55,60,7,1,1028,123,4,8,63,0,0,0,0
3,0,5,7,0,1028,113,4,11,63,0,0,0,0
3,5,10,7,0,1028,123,3,6,64,0,0,0,0
3,10,15,7,0,1028,115,3,9,64,0,0,0,0
3,15,20,7,0,1028,113,4,9,64,0,0,0,0
3,20,25,7,0,1028,124,3,6,64,0,0,0,0
3,25,30,7,0,1028,119,3,6,64,0,0,0,0
3,30,35,7,0,1028,105,3,6,64,0,0,0,0
3,35,40,7,0,1028,100,3,8,64,0,0,0,0
3,40,45,6,0,1028,104,3,4,64,0,0,0,0
3,45,50,6,0,1028,103,3,4,64,0,0,0,0
3,50,55,7,0,1028,112,3,4,64,0,0,0,0
3,55,60,7,0,1028,119,3,4,64,0,0,0,0
4,0,5,7,0,1028,133,3,6,63,0,0,0,0
4,5,10,7,0,1028,147,8,8,63,0,0,0,0
4,10,15,7,0,1028,126,6,11,63,0,0,0,0
4,15,20,7,0,1028,138,6,11,63,0,0,0,0
4,20,25,7,0,1028,128,4,11,63,0,0,0,0
4,25,30,7,0,1028,143,6,9,63,0,0,0,0
4,30,35,7,0,1028,126,4,8,62,0,0,0,0
4,35,40,7,0,1028,137,6,9,61,0,0,0,0
4,40,45,7,0,1028,136,4,11,60,0,0,0,0
4,45,50,7,0,1028,130,6,8,60,0,0,0,0
4,50,55,7,0,1028,134,8,11,61,0,0,0,0
4,55,60,7,0,1028,130,3,11,61,0,0,0,0
5,0,5,7,0,1028,101,6,11,63,0,0,0,0
5,5,10,6,0,1028,115,6,6,64,0,0,0,0
5,10,15,6,0,1028,106,4,9,66,0,0,0,0
5,15,20,6,0,1028,116,4,11,66,0,0,0,0
5,20,25,6,0,1028,104,3,9,67,0,0,0,0
5,25,30,6,0,1028,113,1,6,67,0,0,0,0
5,30,35,6,0,1028,132,3,9,67,0,0,0,0
5,35,40,6,0,1028,117,3,11,67,0,0,0,0
5,40,45,6,0,1028,134,6,11,66,0,0,0,0
5,45,50,6,0,1028,121,3,11,65,0,0,0,0
5,50,55,6,0,1028,98,3,16,64,0,0,0,0
5,55,60,6,0,1028,123,6,16,63,0,0,0,0
6,0,5,7,0,1028,136,3,12,62,0,0,0,0
6,5,10,7,0,1028,109,9,14,62,0,0,0,0
6,10,15,7,0,1028,130,4,11,62,0,0,0,0
6,15,20,7,0,1028,109,4,12,62,0,0,0,0
6,20,25,6,0,1028,111,11,14,63,0,0,0,0
6,25,30,6,0,1028,85,6,12,63,0,0,0,0
6,30,35,6,0,1028,103,4,12,63,0,0,0,0
6,35,40,6,0,1028,144,4,16,63,0,0,0,0
6,40,45,6,0,1028,153,6,14,63,0,0,0,0
6,45,50,6,0,1028,145,1,11,63,0,0,0,0
6,50,55,6,0,1028,126,4,9,64,0,0,0,0
6,55,60,6,0,1029,127,1,12,65,0,0,0,0
7,0,5,6,0,1029,126,4,8,65,0,0,0,0
7,5,10,6,0,1029,144,4,8,66,0,0,0,0
7,10,15,6,0,1029,129,6,12,66,0,0,0,0
7,15,20,6,0,1029,147,3,11,66,0,0,0,0
7,20,25,6,0,1029,134,1,12,66,0,0,0,0
7,25,30,6,0,1029,148,9,6,66,0,0,0,0
7,30,35,6,0,1029,121,8,12,66,0,0,0,0
7,35,40,6,0,1029,143,8,14,66,0,0,0,0
7,40,45,6,0,1029,115,3,12,66,0,0,0,0
7,45,50,6,0,1029,150,3,11,66,0,0,0,0
7,50,55,6,0,1029,126,3,11,66,0,0,0,0
7,55,60,6,0,1029,163,6,9,66,0,0,0,0
8,0,5,6,0,1029,140,1,11,66,0,0,5,0
8,5,10,6,0,1029,123,11,11,66,0,0,9,0
8,10,15,6,0,1029,136,3,14,66,0,0,11,0
8,15,20,6,0,1030,171,9,11,66,0,0,14,0
8,20,25,6,0,1030,121,3,12,67,0,0,19,0
8,25,30,6,0,1030,137,8,12,66,0,0,23,0
8,30,35,6,0,1030,121,8,11,66,0,0,32,0
8,35,40,6,0,1030,119,3,8,66,0,0,39,0
8,40,45,6,1,1030,111,3,11,66,0,0,47,0
8,45,50,6,1,1030,106,3,11,66,0,0,56,0
8,50,55,7,0,1030,190,4,11,65,0,0,65,0
8,55,60,7,1,1030,142,4,14,65,0,0,76,0
9,0,5,7,1,1030,156,4,11,64,0,0,84,0
9,5,10,7,1,1030,159,9,9,64,0,0,98,0
9,10,15,7,1,1030,114,3,12,64,0,0,114,0
9,15,20,7,1,1030,117,6,8,64,0,0,120,0
9,20,25,7,1,1030,172,9,9,63,0,0,144,0
9,25,30,7,1,1030,111,4,12,62,0,0,125,0
9,30,35,8,1,1030,126,6,12,62,0,0,163,0
9,35,40,8,1,1030,123,3,9,62,0,0,178,0
9,40,45,8,1,1031,109,4,11,62,0,0,186,0
9,45,50,8,1,1031,159,6,16,61,0,0,211,0
9,50,55,8,1,1031,121,6,14,61,0,0,220,0
9,55,60,8,1,1031,132,4,14,60,0,0,229,0
10,0,5,8,1,1031,152,1,11,60,0,0,241,0
10,5,10,9,1,1031,136,3,11,59,0,0,251,0
10,10,15,9,1,1031,98,4,12,59,0,0,262,0
10,15,20,9,1,1031,156,9,14,59,0,0,272,0
10,20,25,9,1,1031,126,6,11,59,0,0,281,0
10,25,30,9,1,1031,105,6,12,58,0,0,288,0
10,30,35,9,1,1031,74,4,11,58,0,0,301,0
10,35,40,10,1,1031,88,3,14,57,0,0,308,0
10,40,45,10,1,1031,58,6,14,57,0,0,315,0
10,45,50,10,2,1031,123,1,16,57,0,0,325,0
10,50,55,10,2,1031,98,6,17,57,0,0,336,0
10,55,60,10,2,1031,155,6,16,56,0,0,338,0
11,0,5,10,2,1031,165,6,16,55,0,0,345,0
11,5,10,10,2,1031,128,11,17,55,0,0,353,0
11,10,15,11,2,1031,139,11,14,54,0,0,360,0
11,15,20,11,2,1030,140,12,11,53,0,0,366,0
11,20,25,11,2,1030,107,3,12,53,0,0,374,0
11,25,30,12,2,1030,148,4,9,51,0,0,380,0
11,30,35,12,2,1030,103,6,9,50,0,0,392,0
11,35,40,12,1,1030,59,4,14,49,0,0,399,0
11,40,45,12,2,1030,136,1,17,49,0,0,399,0
11,45,50,12,2,1030,107,4,14,49,0,0,406,0
11,50,55,13,2,1030,120,6,14,48,0,0,410,0
11,55,60,13,2,1030,88,3,12,49,0,0,415,0
12,0,5,13,2,1030,123,4,11,48,0,0,417,0
12,5,10,13,2,1030,102,6,16,47,0,0,418,0
12,10,15,13,2,1030,136,16,12,46,0,0,422,0
12,15,20,13,2,1030,126,3,17,47,0,0,425,0
12,20,25,13,2,1030,99,6,14,46,0,0,425,0
12,25,30,13,2,1030,111,11,14,46,0,0,429,0
12,30,35,14,2,1030,198,1,16,46,0,0,431,0
12,35,40,14,1,1030,89,6,9,44,0,0,432,0
12,40,45,14,2,1030,161,8,14,45,0,0,432,0
12,45,50,14,2,1030,114,16,17,44,0,0,432,0
12,50,55,14,1,1030,119,8,16,43,0,0,434,0
12,55,60,14,1,1030,115,9,14,44,0,0,434,0
13,0,5,14,2,1030,79,3,19,45,0,0,431,0
13,5,10,14,2,1030,113,6,12,44,0,0,424,0
13,10,15,14,2,1029,40,6,12,44,0,0,427,0
13,15,20,14,2,1030,66,4,14,43,0,0,425,0
13,20,25,14,2,1029,112,4,14,43,0,0,418,0
13,25,30,14,2,1029,91,1,16,43,0,0,406,0
13,30,35,14,2,1029,104,6,9,43,0,0,373,0
13,35,40,14,2,1029,103,1,12,44,0,0,381,0
13,40,45,14,2,1030,84,1,11,42,0,0,383,0
13,45,50,15,1,1029,107,11,12,41,0,0,309,0
13,50,55,15,1,1029,88,1,11,41,0,0,257,0
13,55,60,15,1,1029,103,6,11,40,0,0,274,0
14,0,5,15,1,1029,180,3,11,41,0,0,276,0
14,5,10,14,1,1029,120,3,8,41,0,0,274,0
14,10,15,15,2,1029,108,1,11,42,0,0,334,0
14,15,20,15,1,1029,98,9,6,39,0,0,320,0
14,20,25,15,1,1029,68,0,9,39,0,0,343,0
14,25,30,15,0,1029,108,6,12,37,0,0,378,0
14,30,35,15,0,1030,72,6,14,37,0,0,322,0
14,35,40,15,0,1029,115,4,12,37,0,0,309,0
14,40,45,15,0,1029,89,8,14,37,0,0,281,0
14,45,50,14,0,1029,83,6,14,37,0,0,279,0
14,50,55,14,0,1030,98,3,12,38,0,0,315,0
14,55,60,15,0,1030,108,6,12,36,0,0,306,0
15,0,5,15,0,1030,55,4,14,37,0,0,260,0
15,5,10,14,0,1030,102,6,12,35,0,0,237,0
15,10,15,15,0,1030,143,4,14,36,0,0,241,0
15,15,20,15,0,1030,88,4,12,36,0,0,227,0
15,20,25,14,0,1030,121,4,12,36,0,0,213,0
15,25,30,15,0,1030,104,6,12,37,0,0,209,0
15,30,35,15,1,1030,65,4,9,39,0,0,149,0
15,35,40,14,1,1030,70,3,9,39,0,0,220,0
15,40,45,14,1,1030,61,4,11,40,0,0,216,0
15,45,50,14,1,1030,65,4,9,40,0,0,193,0
15,50,55,14,1,1030,53,6,8,41,0,0,178,0
15,55,60,14,1,1030,59,6,11,41,0,0,156,0
16,0,5,14,1,1030,24,4,8,42,0,0,141,0
16,5,10,14,1,1030,57,3,8,41,0,0,134,0
16,10,15,14,1,1030,57,3,9,42,0,0,120,0
16,15,20,14,2,1030,57,0,3,42,0,0,104,0
16,20,25,14,1,1030,57,0,3,41,0,0,90,0
16,25,30,14,1,1030,57,0,6,41,0,0,76,0
16,30,35,14,2,1030,57,0,3,42,0,0,63,0
16,35,40,14,1,1030,57,1,1,41,0,0,42,0
16,40,45,14,1,1030,57,0,3,40,0,0,30,0
16,45,50,14,1,1030,57,3,3,40,0,0,28,0
16,50,55,14,1,1030,60,4,3,40,0,0,23,0
16,55,60,14,0,1030,80,0,4,39,0,0,19,0
17,0,5,14,0,1030,80,0,4,39,0,0,14,0
17,5,10,14,0,1030,80,0,1,40,0,0,11,0
17,10,15,13,0,1030,80,0,1,40,0,0,7,0
17,15,20,13,0,1030,80,1,1,40,0,0,5,0
17,20,25,13,1,1030,80,1,3,43,0,0,0,0
17,25,30,13,3,1030,318,3,3,53,0,0,0,0
17,30,35,13,4,1030,311,6,8,57,0,0,0,0
17,35,40,12,5,1030,301,1,8,59,0,0,0,0
17,40,45,12,5,1030,301,0,6,59,0,0,0,0
17,45,50,12,5,1030,301,1,3,60,0,0,0,0
17,50,55,12,5,1031,301,0,1,60,0,0,0,0
17,55,60,12,4,1031,301,1,3,60,0,0,0,0
18,0,5,12,4,1031,301,3,3,60,0,0,0,0
18,5,10,11,4,1031,301,1,3,61,0,0,0,0
18,10,15,11,4,1031,301,0,3,62,0,0,0,0
18,15,20,11,4,1031,301,3,3,62,0,0,0,0
18,20,25,11,4,1031,301,4,3,63,0,0,0,0
18,25,30,11,5,1031,9,3,4,64,0,0,0,0
18,30,35,11,5,1031,9,1,6,64,0,0,0,0
18,35,40,11,5,1031,9,3,4,65,0,0,0,0
18,40,45,11,5,1031,5,1,4,65,0,0,0,0
18,45,50,11,5,1031,5,1,4,66,0,0,0,0
18,50,55,11,5,1031,5,1,3,66,0,0,0,0
18,55,60,11,5,1031,5,1,3,66,0,0,0,0
19,0,5,10,5,1031,5,0,4,67,0,0,0,0
19,5,10,10,5,1031,5,1,3,68,0,0,0,0
19,10,15,10,5,1031,5,0,1,68,0,0,0,0
19,15,20,10,5,1031,5,0,1,68,0,0,0,0
19,20,25,10,5,1031,5,0,1,68,0,0,0,0
19,25,30,10,4,1031,5,1,0,68,0,0,0,0
19,30,35,10,4,1031,5,3,3,68,0,0,0,0
19,35,40,9,4,1031,5,0,4,69,0,0,0,0
19,40,45,9,4,1032,25,3,3,70,0,0,0,0
19,45,50,9,3,1032,34,0,6,69,0,0,0,0
19,50,55,9,3,1032,34,1,4,69,0,0,0,0
19,55,60,9,3,1032,44,1,4,66,0,0,0,0
20,0,5,10,3,1032,57,4,6,65,0,0,0,0
20,5,10,10,3,1032,58,4,8,64,0,0,0,0
20,10,15,10,3,1032,45,3,6,63,0,0,0,0
20,15,20,10,3,1032,44,1,6,62,0,0,0,0
20,20,25,10,3,1032,44,3,8,62,0,0,0,0
20,25,30,10,3,1032,41,1,8,62,0,0,0,0
20,30,35,10,3,1032,42,1,6,63,0,0,0,0
20,35,40,9,3,1032,71,1,4,64,0,0,0,0
20,40,45,9,3,1032,76,1,4,65,0,0,0,0
20,45,50,9,3,1032,86,1,4,65,0,0,0,0
20,50,55,9,3,1032,78,1,4,65,0,0,0,0
20,55,60,9,2,1032,78,1,6,65,0,0,0,0
21,0,5,9,3,1032,78,3,4,66,0,0,0,0
21,5,10,9,3,1032,78,1,4,66,0,0,0,0
21,10,15,9,2,1032,78,1,4,66,0,0,0,0
21,15,20,8,3,1032,78,1,3,67,0,0,0,0
21,20,25,8,2,1032,78,1,3,67,0,0,0,0
21,25,30,8,2,1032,78,3,3,67,0,0,0,0
21,30,35,8,2,1032,78,3,4,67,0,0,0,0
21,35,40,8,2,1032,78,3,4,67,0,0,0,0
21,40,45,8,2,1032,84,3,4,67,0,0,0,0
21,45,50,8,2,1032,119,6,4,65,0,0,0,0
21,50,55,8,1,1032,108,3,6,64,0,0,0,0
21,55,60,8,1,1032,109,3,4,64,0,0,0,0
22,0,5,7,1,1032,118,3,4,63,0,0,0,0
22,5,10,7,1,1032,123,1,6,63,0,0,0,0
22,10,15,7,0,1032,123,1,8,62,0,0,0,0
22,15,20,7,0,1032,101,3,4,62,0,0,0,0
22,20,25,7,0,1032,98,3,6,63,0,0,0,0
22,25,30,7,0,1032,101,6,6,63,0,0,0,0
22,30,35,7,0,1032,104,4,11,63,0,0,0,0
22,35,40,7,0,1032,105,3,9,64,0,0,0,0
22,40,45,7,0,1032,105,3,6,65,0,0,0,0
22,45,50,6,1,1032,105,3,4,66,0,0,0,0
22,50,55,6,0,1032,106,4,4,66,0,0,0,0
22,55,60,6,1,1032,106,1,4,67,0,0,0,0
23,0,5,6,0,1032,105,6,4,67,0,0,0,0
23,5,10,6,0,1032,105,3,9,67,0,0,0,0
23,10,15,6,1,1032,105,3,6,68,0,0,0,0
23,15,20,6,0,1032,105,3,4,68,0,0,0,0
23,20,25,6,1,1032,105,1,4,69,0,0,0,0
23,25,30,6,1,1032,105,1,4,69,0,0,0,0
23,30,35,6,0,1032,113,6,4,69,0,0,0,0
23,35,40,6,1,1032,131,1,9,69,0,0,0,0
23,40,45,6,1,1032,125,3,11,68,0,0,0,0
23,45,50,6,0,1032,126,3,12,68,0,0,0,0
23,50,55,6,0,1032,109,3,6,68,0,0,0,0
23,55,60,6,0,1032,109,3,9,68,0,0,0,0
0,0,5,6,0,1032,119,3,6,68,0,0,0,0
0,5,10,0,0,0,0,0,0,0,0,0,0,0
0,10,15,6,0,1032,108,4,6,67,0,0,0,0
0,15,20,6,0,1032,118,3,9,67,0,0,0,0
0,20,25,6,0,1032,123,3,8,67,0,0,0,0
0,25,30,6,0,1032,130,4,4,67,0,0,0,0
0,30,35,6,0,1032,130,6,6,67,0,0,0,0
0,35,40,6,0,1032,121,4,11,67,0,0,0,0
0,40,45,6,0,1032,134,4,8,67,0,0,0,0
0,45,50,6,0,1032,130,1,14,67,0,0,0,0
0,50,55,6,0,1032,105,3,14,66,0,0,0,0
0,55,60,6,0,1033,138,3,9,66,0,0,0,0
1,0,5,6,0,1033,119,3,6,66,0,0,0,0
1,5,10,6,0,1033,136,4,11,65,0,0,0,0
1,10,15,6,0,1033,117,3,8,64,0,0,0,0
1,15,20,6,0,1033,117,4,11,63,0,0,0,0
1,20,25,6,0,1033,119,4,4,63,0,0,0,0
1,25,30,6,0,1033,137,3,6,62,0,0,0,0
1,30,35,7,0,1033,130,6,8,61,0,0,0,0
1,35,40,6,0,1033,109,4,6,61,0,0,0,0
1,40,45,6,0,1033,128,6,6,61,0,0,0,0
1,45,50,6,0,1033,120,4,11,61,0,0,0,0
1,50,55,6,0,1033,111,3,11,62,0,0,0,0
1,55,60,6,0,1033,101,3,11,64,0,0,0,0
2,0,5,6,0,1033,101,3,6,65,0,0,0,0
2,5,10,6,0,1033,101,3,6,66,0,0,0,0
2,10,15,5,0,1033,101,3,6,67,0,0,0,0
2,15,20,5,0,1033,96,4,4,68,0,0,0,0
2,20,25,5,0,1033,105,6,6,68,0,0,0,0
2,25,30,5,0,1033,109,3,9,69,0,0,0,0
2,30,35,5,0,1033,105,6,11,69,0,0,0,0
2,35,40,5,0,1033,124,1,11,69,0,0,0,0
2,40,45,5,0,1033,108,1,11,69,0,0,0,0
2,45,50,5,0,1033,123,1,6,70,0,0,0,0
2,50,55,5,0,1033,120,3,6,70,0,0,0,0
2,55,60,5,0,1033,101,3,4,70,0,0,0,0
3,0,5,5,0,1033,102,3,6,69,0,0,0,0
3,5,10,5,0,1033,115,4,6,69,0,0,0,0
3,10,15,5,0,1033,113,1,6,69,0,0,0,0
3,15,20,5,0,1033,113,3,6,69,0,0,0,0
3,20,25,5,0,1033,113,4,4,70,0,0,0,0
3,25,30,4,0,1033,115,1,4,71,0,0,0,0
3,30,35,4,0,1033,126,3,6,71,0,0,0,0
3,35,40,4,0,1033,125,3,6,71,0,0,0,0
3,40,45,4,0,1033,108,4,6,72,0,0,0,0
3,45,50,4,0,1033,109,1,4,72,0,0,0,0
3,50,55,4,0,1033,109,3,4,73,0,0,0,0
3,55,60,4,0,1033,111,4,6,73,0,0,0,0
4,0,5,4,0,1033,134,3,6,74,0,0,0,0
4,5,10,4,0,1033,134,4,8,74,0,0,0,0
4,10,15,4,0,1033,134,3,6,74,0,0,0,0
4,15,20,4,0,1033,134,1,6,74,0,0,0,0
4,20,25,4,0,1033,100,4,4,74,0,0,0,0
4,25,30,4,0,1033,109,3,9,73,0,0,0,0
4,30,35,4,0,1033,116,3,6,73,0,0,0,0
4,35,40,4,0,1033,113,1,6,73,0,0,0,0
4,40,45,4,0,1033,113,4,6,73,0,0,0,0
4,45,50,4,0,1033,113,3,6,73,0,0,0,0
4,50,55,4,0,1033,113,4,6,73,0,0,0,0
4,55,60,4,0,1033,113,1,4,72,0,0,0,0
5,0,5,4,0,1033,113,1,4,72,0,0,0,0
5,5,10,4,0,1033,113,4,4,72,0,0,0,0
5,10,15,4,0,1033,115,3,4,71,0,0,0,0
5,15,20,4,0,1033,131,3,4,71,0,0,0,0
5,20,25,4,0,1033,131,3,6,71,0,0,0,0
5,25,30,4,0,1033,109,1,4,71,0,0,0,0
5,30,35,4,0,1033,104,4,6,72,0,0,0,0
5,35,40,4,0,1033,102,3,6,72,0,0,0,0
5,40,45,4,0,1033,102,3,6,72,0,0,0,0
5,45,50,4,0,1033,99,6,4,72,0,0,0,0
5,50,55,4,0,1033,98,6,9,72,0,0,0,0
5,55,60,3,0,1033,107,3,9,73,0,0,0,0
6,0,5,3,0,1033,107,3,11,73,0,0,0,0
6,5,10,3,0,1033,107,4,11,73,0,0,0,0
6,10,15,3,0,1033,105,6,11,73,0,0,0,0
6,15,20,3,0,1033,108,3,11,73,0,0,0,0
6,20,25,3,0,1033,103,6,11,73,0,0,0,0
6,25,30,3,0,1033,105,9,11,72,0,0,0,0
6,30,35,4,0,1033,126,6,9,72,0,0,0,0
6,35,40,4,0,1033,111,6,11,71,0,0,0,0
6,40,45,4,0,1033,75,3,11,71,0,0,0,0
6,45,50,4,0,1033,127,11,11,71,0,0,0,0
6,50,55,4,0,1033,89,4,11,71,0,0,0,0
6,55,60,4,0,1033,130,8,12,71,0,0,0,0
7,0,5,4,0,1033,106,9,14,71,0,0,0,0
7,5,10,4,0,1033,131,3,11,71,0,0,0,0
7,10,15,4,0,1033,105,4,12,71,0,0,0,0
7,15,20,3,-1,1033,110,4,12,71,0,0,0,0
7,20,25,3,-1,1033,111,3,11,71,0,0,0,0
7,25,30,3,-1,1033,107,4,11,71,0,0,0,0
7,30,35,4,-1,1033,103,4,11,69,0,0,0,0
7,35,40,4,-1,1033,108,6,9,67,0,0,0,0
7,40,45,4,-1,1033,96,3,11,66,0,0,0,0
7,45,50,4,-1,1033,89,3,9,65,0,0,0,0
7,50,55,4,-1,1033,92,1,9,65,0,0,0,0
7,55,60,4,-1,1033,106,1,6,66,0,0,0,0
8,0,5,4,-1,1033,106,1,9,67,0,0,5,0
8,5,10,4,-1,1033,106,1,4,67,0,0,5,0
8,10,15,4,-1,1033,106,3,3,68,0,0,9,0
8,15,20,4,-1,1033,109,1,4,69,0,0,11,0
8,20,25,3,-1,1034,115,1,6,71,0,0,14,0
8,25,30,3,-1,1034,119,1,6,71,0,0,18,0
8,30,35,3,-1,1034,98,3,4,72,0,0,25,0
8,35,40,3,-1,1034,111,1,6,72,0,0,33,0
8,40,45,3,0,1034,105,3,3,72,0,0,39,0
8,45,50,4,0,1034,104,1,6,72,0,0,51,0
8,50,55,4,0,1034,119,3,4,71,0,0,63,0
8,55,60,4,0,1034,119,3,8,71,0,0,76,0
9,0,5,4,0,1034,113,4,4,69,0,0,90,0
9,5,10,4,0,1034,102,3,9,69,0,0,105,0
9,10,15,5,0,1034,86,3,9,69,0,0,118,0
9,15,20,5,0,1034,81,6,6,67,0,0,134,0
9,20,25,5,0,1034,96,0,11,66,0,0,149,0
9,25,30,5,0,1034,94,1,11,66,0,0,163,0
9,30,35,5,0,1035,96,3,9,65,0,0,179,0
9,35,40,6,0,1035,103,1,6,64,0,0,195,0
9,40,45,6,0,1035,114,3,4,63,0,0,209,0
9,45,50,6,0,1035,114,1,4,63,0,0,220,0
9,50,55,7,0,1035,108,3,4,62,0,0,227,0
9,55,60,7,0,1035,98,3,8,61,0,0,236,0
10,0,5,7,0,1035,94,1,6,59,0,0,250,0
10,5,10,7,0,1035,94,3,9,60,0,0,264,0
10,10,15,8,0,1035,96,3,6,60,0,0,272,0
10,15,20,8,0,1035,113,3,4,58,0,0,285,0
10,20,25,8,0,1035,114,3,6,58,0,0,294,0
10,25,30,8,1,1035,92,3,4,59,0,0,304,0
10,30,35,8,1,1035,92,1,8,58,0,0,315,0
10,35,40,9,1,1035,94,4,9,57,0,0,322,0
10,40,45,9,1,1035,90,9,9,56,0,0,332,0
10,45,50,9,1,1035,71,4,11,56,0,0,339,0
10,50,55,9,1,1035,114,1,9,55,0,0,345,0
10,55,60,10,0,1035,101,4,11,52,0,0,352,0
11,0,5,10,1,1035,126,4,14,53,0,0,357,0
11,5,10,10,0,1035,54,3,9,51,0,0,364,0
11,10,15,10,0,1035,155,1,9,51,0,0,369,0
11,15,20,10,0,1034,63,6,8,49,0,0,376,0
11,20,25,10,0,1034,90,4,11,50,0,0,385,0
11,25,30,10,0,1034,67,4,14,51,0,0,396,0
11,30,35,10,1,1034,93,6,11,51,0,0,404,0
11,35,40,11,1,1034,121,3,11,52,0,0,408,0
11,40,45,11,1,1034,99,6,8,50,0,0,411,0
11,45,50,11,1,1034,60,4,9,50,0,0,417,0
11,50,55,11,1,1034,104,11,12,49,0,0,422,0
11,55,60,12,1,1034,84,4,12,48,0,0,427,0
12,0,5,12,1,1034,91,3,11,47,0,0,429,0
12,5,10,12,1,1034,101,0,9,46,0,0,431,0
12,10,15,13,1,1034,74,6,11,46,0,0,431,0
12,15,20,13,1,1034,70,4,6,45,0,0,432,0
12,20,25,13,1,1034,61,6,9,44,0,0,432,0
12,25,30,13,1,1034,85,1,8,43,0,0,434,0
12,30,35,13,1,1033,65,3,6,43,0,0,434,0
12,35,40,14,1,1033,69,4,4,42,0,0,439,0
12,40,45,14,1,1033,48,3,6,41,0,0,436,0
12,45,50,14,1,1033,11,4,8,41,0,0,434,0
12,50,55,14,1,1033,38,3,6,42,0,0,438,0
12,55,60,14,1,1033,326,1,6,42,0,0,434,0
13,0,5,14,1,1033,330,3,6,41,0,0,432,0
13,5,10,14,1,1033,344,3,4,41,0,0,431,0
13,10,15,15,1,1033,346,0,4,40,0,0,429,0
13,15,20,15,1,1033,345,3,4,40,0,0,427,0
13,20,25,15,1,1033,345,3,4,40,0,0,424,0
13,25,30,15,1,1033,345,1,4,40,0,0,422,0
13,30,35,15,2,1033,345,0,4,40,0,0,420,0
13,35,40,16,2,1033,345,1,3,38,0,0,417,0
13,40,45,16,1,1033,32,1,1,36,0,0,413,0
13,45,50,16,1,1033,92,1,11,36,0,0,408,0
13,50,55,16,1,1033,79,1,6,36,0,0,410,0
13,55,60,17,1,1033,96,1,4,35,0,0,396,0
14,0,5,17,1,1033,92,3,6,35,0,0,392,0
14,5,10,17,0,1033,66,4,4,32,0,0,381,0
14,10,15,16,0,1033,98,3,9,33,0,0,376,0
14,15,20,16,0,1033,98,3,9,32,0,0,371,0
14,20,25,16,1,1033,94,4,6,34,0,0,359,0
14,25,30,16,1,1033,329,0,8,36,0,0,359,0
14,30,35,16,2,1033,299,3,4,37,0,0,348,0
14,35,40,16,3,1033,315,3,4,42,0,0,329,0
14,40,45,16,3,1033,297,3,8,44,0,0,318,0
14,45,50,15,5,1033,290,1,8,50,0,0,308,0
14,50,55,15,5,1033,298,3,9,52,0,0,297,0
14,55,60,14,5,1033,323,6,12,54,0,0,287,0
15,0,5,14,5,1033,304,3,12,55,0,0,278,0
15,5,10,14,5,1033,315,3,14,55,0,0,269,0
15,10,15,14,5,1033,337,9,6,54,0,0,260,0
15,15,20,14,5,1033,300,3,12,55,0,0,251,0
15,20,25,14,5,1033,319,8,11,55,0,0,241,0
15,25,30,14,5,1033,315,6,9,55,0,0,229,0
15,30,35,14,5,1033,313,12,11,56,0,0,220,0
15,35,40,14,5,1033,344,4,12,56,0,0,206,0
15,40,45,14,5,1033,306,8,14,55,0,0,195,0
15,45,50,13,5,1033,331,8,8,55,0,0,181,0
15,50,55,13,5,1033,336,3,11,55,0,0,169,0
15,55,60,14,5,1033,344,3,8,55,0,0,155,0
16,0,5,14,5,1033,333,4,6,55,0,0,142,0
16,5,10,14,5,1033,329,4,8,55,0,0,130,0
16,10,15,14,5,1033,319,6,8,54,0,0,116,0
16,15,20,13,4,1033,329,4,8,53,0,0,105,0
16,20,25,13,4,1033,324,3,9,53,0,0,91,0
16,25,30,13,5,1033,314,1,9,55,0,0,77,0
16,30,35,13,5,1033,332,1,6,56,0,0,63,0
16,35,40,13,5,1033,331,3,6,57,0,0,47,0
16,40,45,13,5,1033,329,3,6,58,0,0,35,0
16,45,50,13,5,1033,329,3,4,59,0,0,32,0
16,50,55,13,5,1033,329,1,4,60,0,0,26,0
16,55,60,13,5,1033,328,1,4,60,0,0,21,0
17,0,5,12,5,1033,330,3,4,61,0,0,16,0
17,5,10,12,5,1033,330,1,6,62,0,0,12,0
17,10,15,12,5,1033,330,1,4,63,0,0,11,0
17,15,20,12,5,1033,330,0,3,63,0,0,7,0
17,20,25,12,5,1033,330,1,3,63,0,0,5,0
17,25,30,12,5,1033,330,1,3,64,0,0,0,0
17,30,35,12,5,1033,317,1,4,64,0,0,0,0
17,35,40,11,5,1033,317,1,8,66,0,0,0,0
17,40,45,11,5,1033,317,0,4,66,0,0,0,0
17,45,50,11,5,1033,317,1,3,67,0,0,0,0
17,50,55,11,5,1033,317,1,3,67,0,0,0,0
17,55,60,11,5,1033,317,1,3,68,0,0,0,0
18,0,5,11,5,1033,317,1,3,68,0,0,0,0
18,5,10,11,5,1033,317,0,3,69,0,0,0,0
18,10,15,10,5,1033,317,1,1,69,0,0,0,0
18,15,20,10,5,1033,317,0,1,70,0,0,0,0
18,20,25,10,5,1033,317,0,1,70,0,0,0,0
18,25,30,10,5,1033,317,0,0,70,0,0,0,0
18,30,35,10,5,1033,317,0,0,71,0,0,0,0
18,35,40,9,5,1033,317,0,0,72,0,0,0,0
18,40,45,9,5,1033,317,0,0,73,0,0,0,0
18,45,50,9,5,1033,317,0,0,74,0,0,0,0
18,50,55,9,5,1033,317,0,0,74,0,0,0,0
18,55,60,9,5,1033,317,0,0,74,0,0,0,0
19,0,5,9,5,1033,317,0,1,75,0,0,0,0
19,5,10,9,5,1033,317,0,1,75,0,0,0,0
19,10,15,8,5,1033,317,0,0,75,0,0,0,0
19,15,20,8,5,1033,317,1,0,76,0,0,0,0
19,20,25,8,5,1033,317,1,1,77,0,0,0,0
19,25,30,8,5,1033,317,3,3,78,0,0,0,0
19,30,35,8,5,1033,317,3,3,78,0,0,0,0
19,35,40,8,5,1033,317,0,3,78,0,0,0,0
19,40,45,8,5,1033,317,1,3,78,0,0,0,0
19,45,50,8,4,1033,317,1,3,78,0,0,0,0
19,50,55,8,5,1033,317,1,3,79,0,0,0,0
19,55,60,8,5,1033,317,3,3,80,0,0,0,0
20,0,5,8,5,1033,321,4,3,80,0,0,0,0
20,5,10,8,5,1033,140,4,6,80,0,0,0,0
20,10,15,8,5,1033,132,4,6,80,0,0,0,0
20,15,20,8,5,1033,123,3,11,80,0,0,0,0
20,20,25,8,5,1033,123,3,8,80,0,0,0,0
20,25,30,8,5,1033,123,4,4,80,0,0,0,0
20,30,35,8,5,1033,123,3,6,80,0,0,0,0
20,35,40,8,5,1033,123,3,6,80,0,0,0,0
20,40,45,8,5,1033,119,4,4,80,0,0,0,0
20,45,50,8,5,1033,122,1,6,80,0,0,0,0
20,50,55,8,5,1033,134,4,4,79,0,0,0,0
20,55,60,8,4,1033,134,1,8,78,0,0,0,0
21,0,5,8,4,1033,134,4,6,78,0,0,0,0
21,5,10,8,4,1033,123,3,4,78,0,0,0,0
21,10,15,7,3,1033,121,4,6,77,0,0,0,0
21,15,20,7,3,1033,113,3,4,78,0,0,0,0
21,20,25,7,3,1033,113,3,4,78,0,0,0,0
21,25,30,7,3,1033,113,3,6,78,0,0,0,0
21,30,35,7,3,1033,113,3,4,77,0,0,0,0
21,35,40,7,3,1033,113,4,4,77,0,0,0,0
21,40,45,7,3,1033,113,3,4,78,0,0,0,0
21,45,50,6,3,1033,113,3,6,77,0,0,0,0
21,50,55,6,3,1033,113,1,6,77,0,0,0,0
21,55,60,6,2,1033,104,3,4,76,0,0,0,0
22,0,5,6,2,1033,120,3,9,76,0,0,0,0
22,5,10,6,2,1033,123,6,11,75,0,0,0,0
22,10,15,6,2,1033,121,4,9,75,0,0,0,0
22,15,20,6,2,1033,119,3,8,74,0,0,0,0
22,20,25,6,2,1033,117,3,4,74,0,0,0,0
22,25,30,6,2,1033,108,3,6,75,0,0,0,0
22,30,35,6,2,1033,114,3,6,75,0,0,0,0
22,35,40,6,2,1033,121,3,6,75,0,0,0,0
22,40,45,6,2,1033,128,4,6,75,0,0,0,0
22,45,50,6,2,1033,112,3,9,74,0,0,0,0
22,50,55,6,2,1033,123,3,6,75,0,0,0,0
22,55,60,6,2,1033,118,3,9,75,0,0,0,0
23,0,5,6,2,1033,104,3,6,75,0,0,0,0
23,5,10,6,2,1033,103,3,9,75,0,0,0,0
23,10,15,6,2,1033,103,4,6,75,0,0,0,0
23,15,20,6,2,1033,103,4,6,74,0,0,0,0
23,20,25,6,2,1033,103,3,6,75,0,0,0,0
23,25,30,6,2,1033,119,4,4,75,0,0,0,0
23,30,35,6,2,1033,124,3,9,75,0,0,0,0
23,35,40,6,1,1033,124,3,8,74,0,0,0,0
23,40,45,6,2,1033,124,3,6,75,0,0,0,0
23,45,50,6,2,1033,124,3,4,75,0,0,0,0
23,50,55,6,2,1033,124,3,6,75,0,0,0,0
23,55,60,6,2,1033,128,1,4,75,0,0,0,0
0,0,5,6,2,1033,128,1,6,75,0,0,0,0
0,5,10,0,0,0,0,0,0,0,0,0,0,0
0,10,15,6,1,1033,127,3,6,74,0,0,0,0
0,15,20,5,1,1033,127,3,6,74,0,0,0,0
0,20,25,5,1,1033,127,3,4,74,0,0,0,0
0,25,30,5,1,1033,127,3,4,75,0,0,0,0
0,30,35,5,1,1033,127,4,4,75,0,0,0,0
0,35,40,5,1,1033,126,1,4,75,0,0,0,0
0,40,45,5,1,1033,126,1,6,75,0,0,0,0
0,45,50,5,1,1033,126,0,6,75,0,0,0,0
0,50,55,5,1,1033,126,0,3,75,0,0,0,0
0,55,60,5,1,1033,126,3,1,75,0,0,0,0
1,0,5,5,1,1032,126,1,3,75,0,0,0,0
1,5,10,5,1,1032,126,1,3,75,0,0,0,0
1,10,15,5,1,1032,126,1,4,75,0,0,0,0
1,15,20,5,1,1032,126,3,4,75,0,0,0,0
1,20,25,5,1,1032,126,4,4,75,0,0,0,0
1,25,30,5,1,1032,128,3,6,75,0,0,0,0
1,30,35,5,1,1032,128,1,4,75,0,0,0,0
1,35,40,5,1,1032,128,3,4,75,0,0,0,0
1,40,45,5,1,1032,128,1,4,75,0,0,0,0
1,45,50,5,1,1032,128,3,4,74,0,0,0,0
1,50,55,5,1,1032,128,3,4,74,0,0,0,0
1,55,60,5,1,1032,128,3,6,74,0,0,0,0
2,0,5,5,1,1032,127,4,6,74,0,0,0,0
2,5,10,5,1,1032,127,4,6,74,0,0,0,0
2,10,15,5,1,1032,127,1,4,74,0,0,0,0
2,15,20,5,1,1032,127,1,4,74,0,0,0,0
2,20,25,5,1,1032,127,1,4,75,0,0,0,0
2,25,30,5,1,1032,127,0,4,74,0,0,0,0
2,30,35,5,1,1032,127,3,3,74,0,0,0,0
2,35,40,5,1,1032,127,1,4,74,0,0,0,0
2,40,45,5,1,1032,127,3,4,75,0,0,0,0
2,45,50,4,1,1032,127,3,4,76,0,0,0,0
2,50,55,4,1,1032,128,6,6,76,0,0,0,0
2,55,60,4,1,1032,128,1,6,76,0,0,0,0
3,0,5,4,1,1032,128,3,8,76,0,0,0,0
3,5,10,4,1,1032,128,1,3,76,0,0,0,0
3,10,15,5,1,1032,128,1,4,80,0,0,0,0
3,15,20,5,1,1032,128,1,3,75,0,0,0,0
3,20,25,5,1,1032,128,0,3,74,0,0,0,0
3,25,30,5,0,1032,128,0,4,74,0,0,0,0
3,30,35,5,0,1032,128,1,3,74,0,0,0,0
3,35,40,4,0,1032,128,1,3,75,0,0,0,0
3,40,45,4,0,1032,128,3,3,75,0,0,0,0
3,45,50,4,0,1032,128,1,3,76,0,0,0,0
3,50,55,4,0,1032,128,1,3,77,0,0,0,0
3,55,60,4,0,1032,128,1,6,77,0,0,0,0
4,0,5,4,0,1032,128,3,4,78,0,0,0,0
4,5,10,4,0,1032,128,1,4,78,0,0,0,0
4,10,15,4,0,1032,128,1,4,78,0,0,0,0
4,15,20,4,0,1032,128,0,3,79,0,0,0,0
4,20,25,4,1,1032,128,3,4,78,0,0,0,0
4,25,30,4,1,1032,128,3,4,77,0,0,0,0
4,30,35,5,1,1032,128,3,4,75,0,0,0,0
4,35,40,5,0,1032,128,1,4,74,0,0,0,0
4,40,45,5,0,1032,128,4,4,74,0,0,0,0
4,45,50,4,0,1032,128,1,4,74,0,0,0,0
4,50,55,5,0,1032,128,3,4,74,0,0,0,0
4,55,60,5,0,1031,131,3,6,73,0,0,0,0
5,0,5,5,0,1031,132,4,8,73,0,0,0,0
5,5,10,4,0,1031,132,3,8,73,0,0,0,0
5,10,15,4,0,1031,123,3,8,73,0,0,0,0
5,15,20,4,0,1031,121,3,6,73,0,0,0,0
5,20,25,4,0,1031,115,3,6,74,0,0,0,0
5,25,30,4,0,1031,115,3,6,74,0,0,0,0
5,30,35,4,0,1031,115,3,4,73,0,0,0,0
5,35,40,4,0,1031,115,3,3,73,0,0,0,0
5,40,45,4,0,1031,113,0,4,72,0,0,0,0
5,45,50,5,0,1031,111,4,4,71,0,0,0,0
5,50,55,5,0,1031,105,0,4,70,0,0,0,0
5,55,60,5,0,1031,105,1,4,69,0,0,0,0
6,0,5,5,0,1031,104,0,3,68,0,0,0,0
6,5,10,5,0,1031,104,1,6,69,0,0,0,0
6,10,15,5,0,1031,104,1,3,68,0,0,0,0
6,15,20,5,0,1031,105,3,4,68,0,0,0,0
6,20,25,5,0,1031,105,3,4,68,0,0,0,0
6,25,30,5,0,1031,104,4,4,68,0,0,0,0
6,30,35,5,0,1031,104,3,4,68,0,0,0,0
6,35,40,5,0,1031,104,3,6,69,0,0,0,0
6,40,45,5,0,1031,104,0,4,69,0,0,0,0
6,45,50,5,0,1031,104,1,4,70,0,0,0,0
6,50,55,4,0,1031,104,1,4,70,0,0,0,0
6,55,60,4,0,1031,104,1,3,70,0,0,0,0
7,0,5,4,0,1031,104,1,3,70,0,0,0,0
7,5,10,4,0,1031,104,3,3,70,0,0,0,0
7,10,15,4,0,1031,104,1,3,71,0,0,0,0
7,15,20,4,0,1031,104,1,3,72,0,0,0,0
7,20,25,4,0,1031,104,1,3,72,0,0,0,0
7,25,30,4,0,1031,104,1,3,71,0,0,0,0
7,30,35,4,0,1031,104,1,3,71,0,0,0,0
7,35,40,4,0,1032,104,1,3,71,0,0,0,0
7,40,45,4,0,1032,104,1,1,70,0,0,0,0
7,45,50,4,0,1032,104,1,1,70,0,0,0,0
7,50,55,4,0,1032,104,0,1,70,0,0,0,0
7,55,60,4,0,1032,104,0,1,70,0,0,0,0
8,0,5,4,0,1032,104,1,1,70,0,0,5,0
8,5,10,4,0,1032,104,3,3,69,0,0,7,0
8,10,15,5,0,1032,104,3,4,67,0,0,9,0
8,15,20,5,0,1032,104,1,4,66,0,0,12,0
8,20,25,5,0,1032,104,1,4,65,0,0,14,0
8,25,30,6,0,1032,104,1,3,65,0,0,19,0
8,30,35,6,0,1032,104,1,3,65,0,0,26,0
8,35,40,6,0,1032,103,3,3,64,0,0,33,0
8,40,45,6,0,1032,82,3,6,63,0,0,42,0
8,45,50,6,0,1032,84,1,11,63,0,0,53,0
8,50,55,6,0,1032,84,4,6,63,0,0,63,0
8,55,60,6,0,1032,85,1,4,63,0,0,77,0
9,0,5,6,0,1032,85,0,4,63,0,0,91,0
9,5,10,7,0,1032,85,3,3,62,0,0,107,0
9,10,15,7,0,1032,126,3,4,62,0,0,118,0
9,15,20,7,0,1032,98,6,6,61,0,0,134,0
9,20,25,7,0,1032,105,4,9,62,0,0,151,0
9,25,30,7,0,1033,97,3,9,61,0,0,165,0
9,30,35,7,0,1033,91,4,9,61,0,0,181,0
9,35,40,7,0,1033,91,4,9,59,0,0,197,0
9,40,45,8,0,1033,72,1,11,58,0,0,209,0
9,45,50,8,0,1033,97,4,11,57,0,0,220,0
9,50,55,8,0,1033,97,6,9,56,0,0,230,0
9,55,60,8,0,1033,91,3,11,56,0,0,243,0
10,0,5,9,0,1033,101,6,12,55,0,0,255,0
10,5,10,9,0,1033,103,12,14,54,0,0,267,0
10,10,15,9,0,1033,104,9,16,52,0,0,278,0
10,15,20,10,0,1033,109,12,17,50,0,0,287,0
10,20,25,10,0,1033,40,3,17,49,0,0,299,0
10,25,30,11,0,1033,134,4,17,47,0,0,309,0
10,30,35,11,0,1033,142,8,19,46,0,0,320,0
10,35,40,11,0,1033,61,8,19,46,0,0,327,0
10,40,45,11,0,1033,105,3,17,46,0,0,336,0
10,45,50,12,0,1033,88,11,19,45,0,0,345,0
10,50,55,12,0,1033,117,12,22,43,0,0,352,0
10,55,60,12,0,1033,94,19,22,43,0,0,359,0
11,0,5,12,0,1033,59,4,24,42,0,0,366,0
11,5,10,12,0,1033,118,6,27,42,0,0,373,0
11,10,15,12,0,1033,57,9,24,42,0,0,381,0
11,15,20,13,0,1032,113,11,22,42,0,0,387,0
11,20,25,13,0,1032,67,6,29,42,0,0,394,0
11,25,30,13,0,1032,92,4,17,42,0,0,403,0
11,30,35,13,0,1032,85,6,19,41,0,0,413,0
11,35,40,13,0,1032,101,6,14,40,0,0,415,0
11,40,45,14,0,1032,65,8,14,39,0,0,417,0
11,45,50,14,0,1032,102,11,14,38,0,0,422,0
11,50,55,14,0,1032,82,6,14,38,0,0,425,0
11,55,60,14,0,1032,74,6,16,37,0,0,432,0
12,0,5,15,0,1032,321,3,14,37,0,0,436,0
12,5,10,15,0,1032,104,6,16,37,0,0,438,0
12,10,15,15,0,1032,74,6,17,36,0,0,441,0
12,15,20,15,0,1032,94,9,16,35,0,0,443,0
12,20,25,15,0,1032,40,4,16,35,0,0,445,0
12,25,30,15,0,1032,63,4,14,35,0,0,446,0
12,30,35,15,0,1032,65,12,16,35,0,0,446,0
12,35,40,15,0,1032,80,8,17,35,0,0,448,0
12,40,45,15,1,1031,94,14,16,37,0,0,448,0
12,45,50,15,0,1031,69,8,14,36,0,0,450,0
12,50,55,16,1,1031,39,3,16,36,0,0,448,0
12,55,60,16,0,1031,55,8,14,35,0,0,448,0
13,0,5,16,0,1031,80,6,17,35,0,0,450,0
13,5,10,16,0,1031,153,6,14,34,0,0,446,0
13,10,15,16,0,1031,139,16,16,33,0,0,445,0
13,15,20,16,0,1031,118,4,16,32,0,0,445,0
13,20,25,17,0,1031,125,3,16,33,0,0,439,0
13,25,30,17,0,1031,138,3,12,32,0,0,436,0
13,30,35,17,0,1031,103,6,16,32,0,0,432,0
13,35,40,17,0,1031,88,4,14,32,0,0,427,0
13,40,45,17,0,1031,71,8,17,32,0,0,427,0
13,45,50,17,0,1031,221,4,16,32,0,0,418,0
13,50,55,17,0,1031,102,14,14,31,0,0,413,0
13,55,60,17,0,1031,71,8,14,30,0,0,417,0
14,0,5,17,-1,1031,67,4,20,29,0,0,399,0
14,5,10,17,0,1031,67,6,16,30,0,0,392,0
14,10,15,17,0,1031,63,9,17,30,0,0,376,0
14,15,20,17,0,1031,78,8,14,31,0,0,367,0
14,20,25,17,0,1031,62,4,14,30,0,0,376,0
14,25,30,17,0,1031,74,12,14,30,0,0,373,0
14,30,35,17,0,1031,74,6,16,31,0,0,367,0
14,35,40,17,0,1030,70,8,16,31,0,0,357,0
14,40,45,17,0,1030,85,8,17,30,0,0,346,0
14,45,50,17,0,1030,82,8,19,31,0,0,336,0
14,50,55,17,0,1030,70,17,17,31,0,0,327,0
14,55,60,17,0,1030,83,4,17,32,0,0,318,0
15,0,5,17,0,1030,65,8,17,32,0,0,311,0
15,5,10,17,0,1030,57,4,16,31,0,0,302,0
15,10,15,17,0,1030,53,9,19,30,0,0,292,0
15,15,20,17,-1,1030,94,11,19,29,0,0,281,0
15,20,25,17,0,1030,84,8,20,31,0,0,272,0
15,25,30,17,0,1030,89,17,22,30,0,0,264,0
15,30,35,17,-1,1030,109,12,20,29,0,0,250,0
15,35,40,17,-1,1030,98,12,20,29,0,0,237,0
15,40,45,17,-1,1030,92,4,25,29,0,0,223,0
15,45,50,17,-1,1030,107,14,19,29,0,0,207,0
15,50,55,17,-1,1030,55,16,16,29,0,0,195,0
15,55,60,17,-1,1030,63,8,19,28,0,0,179,0
16,0,5,17,-1,1030,55,16,19,29,0,0,163,0
16,5,10,17,-1,1030,88,14,17,29,0,0,148,0
16,10,15,17,-1,1030,61,8,20,29,0,0,132,0
16,15,20,17,-1,1030,57,9,19,28,0,0,118,0
16,20,25,17,-1,1030,74,11,16,29,0,0,102,0
16,25,30,16,0,1030,82,8,16,30,0,0,88,0
16,30,35,16,0,1030,67,6,14,31,0,0,76,0
16,35,40,16,0,1030,63,6,14,32,0,0,49,0
16,40,45,16,0,1030,80,6,12,33,0,0,35,0
16,45,50,16,0,1030,64,8,9,33,0,0,32,0
16,50,55,16,0,1030,76,4,14,33,0,0,28,0
16,55,60,16,0,1030,88,11,14,32,0,0,19,0
17,0,5,16,-1,1030,67,12,16,31,0,0,16,0
17,5,10,16,-1,1030,80,11,19,31,0,0,14,0
17,10,15,16,-1,1030,69,12,17,31,0,0,11,0
17,15,20,16,-1,1030,61,8,17,31,0,0,9,0
17,20,25,15,-1,1030,67,6,16,32,0,0,7,0
17,25,30,15,-1,1030,90,9,12,32,0,0,5,0
17,30,35,15,-1,1030,66,6,14,32,0,0,0,0
17,35,40,15,-1,1030,90,6,12,33,0,0,0,0
17,40,45,15,-1,1030,87,3,12,33,0,0,0,0
17,45,50,14,-1,1030,92,4,11,33,0,0,0,0
17,50,55,14,-1,1030,90,4,11,33,0,0,0,0
17,55,60,14,-1,1031,89,4,9,33,0,0,0,0
18,0,5,14,-1,1031,92,3,9,34,0,0,0,0
18,5,10,14,-1,1031,69,3,8,34,0,0,0,0
18,10,15,14,-2,1031,98,11,12,33,0,0,0,0
18,15,20,13,-2,1031,92,6,14,32,0,0,0,0
18,20,25,13,-3,1031,107,9,11,31,0,0,0,0
18,25,30,13,-3,1030,94,4,11,29,0,0,0,0
18,30,35,13,-3,1031,86,6,12,29,0,0,0,0
18,35,40,13,-3,1031,103,4,14,29,0,0,0,0
18,40,45,13,-4,1031,74,6,11,28,0,0,0,0
18,45,50,13,-3,1031,74,4,12,29,0,0,0,0
18,50,55,13,-3,1030,92,3,9,30,0,0,0,0
18,55,60,13,-3,1030,82,4,12,30,0,0,0,0
19,0,5,13,-3,1030,80,6,9,31,0,0,0,0
19,5,10,13,-3,1031,51,4,14,31,0,0,0,0
19,10,15,13,-3,1030,88,8,12,32,0,0,0,0
19,15,20,13,-3,1031,82,4,16,32,0,0,0,0
19,20,25,13,-3,1031,74,8,14,31,0,0,0,0
19,25,30,13,-3,1031,89,11,17,31,0,0,0,0
19,30,35,13,-3,1031,65,8,14,31,0,0,0,0
19,35,40,13,-3,1031,94,12,16,31,0,0,0,0
19,40,45,13,-3,1031,81,4,17,31,0,0,0,0
19,45,50,13,-3,1031,69,4,16,31,0,0,0,0
19,50,55,13,-3,1031,106,11,14,31,0,0,0,0
19,55,60,13,-3,1031,106,11,12,31,0,0,0,0
20,0,5,13,-3,1031,69,6,14,31,0,0,0,0
20,5,10,13,-4,1031,101,9,12,30,0,0,0,0
20,10,15,13,-4,1031,123,3,14,30,0,0,0,0
20,15,20,12,-3,1031,111,6,14,31,0,0,0,0
20,20,25,12,-3,1031,84,3,14,32,0,0,0,0
20,25,30,12,-3,1031,84,4,11,32,0,0,0,0
20,30,35,12,-3,1031,87,4,9,34,0,0,0,0
20,35,40,12,-3,1031,78,3,11,34,0,0,0,0
20,40,45,11,-3,1031,88,4,6,35,0,0,0,0
20,45,50,11,-3,1031,92,3,6,35,0,0,0,0
20,50,55,11,-3,1031,100,9,6,35,0,0,0,0
20,55,60,11,-2,1031,81,3,11,36,0,0,0,0
21,0,5,11,-3,1031,86,6,9,36,0,0,0,0
21,5,10,11,-2,1031,86,1,11,37,0,0,0,0
21,10,15,11,-3,1031,95,6,6,35,0,0,0,0
21,15,20,11,-3,1031,67,9,12,34,0,0,0,0
21,20,25,12,-3,1031,98,4,14,35,0,0,0,0
21,25,30,11,-3,1031,69,8,12,35,0,0,0,0
21,30,35,12,-3,1031,89,6,14,34,0,0,0,0
21,35,40,12,-3,1031,96,11,16,34,0,0,0,0
21,40,45,12,-3,1031,92,9,19,34,0,0,0,0
21,45,50,12,-3,1031,67,4,11,35,0,0,0,0
21,50,55,11,-2,1031,78,1,12,36,0,0,0,0
21,55,60,11,-2,1031,85,3,11,37,0,0,0,0
22,0,5,11,-2,1031,94,1,6,38,0,0,0,0
22,5,10,10,-2,1031,96,1,8,38,0,0,0,0
22,10,15,10,-2,1031,96,1,4,39,0,0,0,0
22,15,20,10,-2,1031,96,3,4,39,0,0,0,0
22,20,25,10,-2,1031,101,4,3,40,0,0,0,0
22,25,30,10,-2,1031,99,3,6,41,0,0,0,0
22,30,35,10,-2,1031,84,1,9,41,0,0,0,0
22,35,40,10,-2,1031,78,3,6,41,0,0,0,0
22,40,45,10,-2,1031,81,3,6,42,0,0,0,0
22,45,50,10,-2,1031,89,3,9,42,0,0,0,0
22,50,55,10,-2,1031,92,3,12,42,0,0,0,0
22,55,60,9,-2,1031,98,6,6,43,0,0,0,0
23,0,5,9,-2,1031,90,4,6,43,0,0,0,0
23,5,10,9,-2,1031,92,1,6,44,0,0,0,0
23,10,15,9,-2,1031,73,4,6,44,0,0,0,0
23,15,20,9,-2,1031,82,3,11,44,0,0,0,0
23,20,25,9,-2,1031,89,3,4,44,0,0,0,0
23,25,30,9,-2,1031,89,1,6,44,0,0,0,0
23,30,35,9,-2,1031,82,3,4,43,0,0,0,0
23,35,40,9,-2,1031,82,0,6,43,0,0,0,0
23,40,45,9,-2,1031,64,3,4,43,0,0,0,0
23,45,50,9,-2,1031,71,4,6,43,0,0,0,0
23,50,55,9,-2,1031,63,6,8,42,0,0,0,0
23,55,60,9,-2,1031,55,6,8,41,0,0,0,0
0,0,5,9,-2,1031,61,1,8,42,0,0,0,0
0,5,10,0,0,0,0,0,0,0,0,0,0,0
0,10,15,0,0,0,0,0,0,0,0,0,0,0
0,15,20,0,0,0,0,0,0,0,0,0,0,0
0,20,25,0,0,0,0,0,0,0,0,0,0,0
0,25,30,0,0,0,0,0,0,0,0,0,0,0
0,30,35,0,0,0,0,0,0,0,0,0,0,0
0,35,40,0,0,0,0,0,0,0,0,0,0,0
0,40,45,0,0,0,0,0,0,0,0,0,0,0
0,45,50,0,0,0,0,0,0,0,0,0,0,0
0,50,55,0,0,0,0,0,0,0,0,0,0,0
0,55,60,0,0,0,0,0,0,0,0,0,0,0
1,0,5,0,0,0,0,0,0,0,0,0,0,0
1,5,10,0,0,0,0,0,0,0,0,0,0,0
1,10,15,0,0,0,0,0,0,0,0,0,0,0
1,15,20,0,0,0,0,0,0,0,0,0,0,0
1,20,25,0,0,0,0,0,0,0,0,0,0,0
1,25,30,0,0,0,0,0,0,0,0,0,0,0
1,30,35,0,0,0,0,0,0,0,0,0,0,0
1,35,40,0,0,0,0,0,0,0,0,0,0,0
1,40,45,0,0,0,0,0,0,0,0,0,0,0
1,45,50,0,0,0,0,0,0,0,0,0,0,0
1,50,55,0,0,0,0,0,0,0,0,0,0,0
1,55,60,0,0,0,0,0,0,0,0,0,0,0
2,0,5,0,0,0,0,0,0,0,0,0,0,0
2,5,10,0,0,0,0,0,0,0,0,0,0,0
2,10,15,0,0,0,0,0,0,0,0,0,0,0
2,15,20,0,0,0,0,0,0,0,0,0,0,0
2,20,25,0,0,0,0,0,0,0,0,0,0,0
2,25,30,0,0,0,0,0,0,0,0,0,0,0
2,30,35,0,0,0,0,0,0,0,0,0,0,0
2,35,40,0,0,0,0,0,0,0,0,0,0,0
2,40,45,0,0,0,0,0,0,0,0,0,0,0
2,45,50,0,0,0,0,0,0,0,0,0,0,0
2,50,55,0,0,0,0,0,0,0,0,0,0,0
2,55,60,0,0,0,0,0,0,0,0,0,0,0
3,0,5,0,0,0,0,0,0,0,0,0,0,0
3,5,10,0,0,0,0,0,0,0,0,0,0,0
3,10,15,0,0,0,0,0,0,0,0,0,0,0
3,15,20,0,0,0,0,0,0,0,0,0,0,0
3,20,25,0,0,0,0,0,0,0,0,0,0,0
3,25,30,0,0,0,0,0,0,0,0,0,0,0
3,30,35,0,0,0,0,0,0,0,0,0,0,0
3,35,40,0,0,0,0,0,0,0,0,0,0,0
3,40,45,0,0,0,0,0,0,0,0,0,0,0
3,45,50,0,0,0,0,0,0,0,0,0,0,0
3,50,55,0,0,0,0,0,0,0,0,0,0,0
3,55,60,0,0,0,0,0,0,0,0,0,0,0
4,0,5,0,0,0,0,0,0,0,0,0,0,0
4,5,10,0,0,0,0,0,0,0,0,0,0,0
4,10,15,0,0,0,0,0,0,0,0,0,0,0
4,15,20,0,0,0,0,0,0,0,0,0,0,0
4,20,25,0,0,0,0,0,0,0,0,0,0,0
4,25,30,0,0,0,0,0,0,0,0,0,0,0
4,30,35,0,0,0,0,0,0,0,0,0,0,0
4,35,40,0,0,0,0,0,0,0,0,0,0,0
4,40,45,0,0,0,0,0,0,0,0,0,0,0
4,45,50,0,0,0,0,0,0,0,0,0,0,0
4,50,55,0,0,0,0,0,0,0,0,0,0,0
4,55,60,0,0,0,0,0,0,0,0,0,0,0
5,0,5,0,0,0,0,0,0,0,0,0,0,0
5,5,10,0,0,0,0,0,0,0,0,0,0,0
5,10,15,0,0,0,0,0,0,0,0,0,0,0
5,15,20,0,0,0,0,0,0,0,0,0,0,0
5,20,25,0,0,0,0,0,0,0,0,0,0,0
5,25,30,0,0,0,0,0,0,0,0,0,0,0
5,30,35,0,0,0,0,0,0,0,0,0,0,0
5,35,40,0,0,0,0,0,0,0,0,0,0,0
5,40,45,0,0,0,0,0,0,0,0,0,0,0
5,45,50,0,0,0,0,0,0,0,0,0,0,0
5,50,55,0,0,0,0,0,0,0,0,0,0,0
5,55,60,0,0,0,0,0,0,0,0,0,0,0
6,0,5,0,0,0,0,0,0,0,0,0,0,0
6,5,10,0,0,0,0,0,0,0,0,0,0,0
6,10,15,0,0,0,0,0,0,0,0,0,0,0
6,15,20,0,0,0,0,0,0,0,0,0,0,0
6,20,25,0,0,0,0,0,0,0,0,0,0,0
6,25,30,0,0,0,0,0,0,0,0,0,0,0
6,30,35,0,0,0,0,0,0,0,0,0,0,0
6,35,40,0,0,0,0,0,0,0,0,0,0,0
6,40,45,0,0,0,0,0,0,0,0,0,0,0
6,45,50,0,0,0,0,0,0,0,0,0,0,0
6,50,55,0,0,0,0,0,0,0,0,0,0,0
6,55,60,0,0,0,0,0,0,0,0,0,0,0
7,0,5,0,0,0,0,0,0,0,0,0,0,0
7,5,10,0,0,0,0,0,0,0,0,0,0,0
7,10,15,0,0,0,0,0,0,0,0,0,0,0
7,15,20,0,0,0,0,0,0,0,0,0,0,0
7,20,25,0,0,0,0,0,0,0,0,0,0,0
7,25,30,0,0,0,0,0,0,0,0,0,0,0
7,30,35,0,0,0,0,0,0,0,0,0,0,0
7,35,40,0,0,0,0,0,0,0,0,0,0,0
7,40,45,0,0,0,0,0,0,0,0,0,0,0
7,45,50,0,0,0,0,0,0,0,0,0,0,0
7,50,55,0,0,0,0,0,0,0,0,0,0,0
7,55,60,0,0,0,0,0,0,0,0,0,0,0
8,0,5,0,0,0,0,0,0,0,0,0,0,0
8,5,10,0,0,0,0,0,0,0,0,0,0,0
8,10,15,0,0,0,0,0,0,0,0,0,0,0
8,15,20,0,0,0,0,0,0,0,0,0,0,0
8,20,25,0,0,0,0,0,0,0,0,0,0,0
8,25,30,0,0,0,0,0,0,0,0,0,0,0
8,30,35,0,0,0,0,0,0,0,0,0,0,0
8,35,40,0,0,0,0,0,0,0,0,0,0,0
8,40,45,0,0,0,0,0,0,0,0,0,0,0
8,45,50,0,0,0,0,0,0,0,0,0,0,0
8,50,55,0,0,0,0,0,0,0,0,0,0,0
8,55,60,0,0,0,0,0,0,0,0,0,0,0
9,0,5,0,0,0,0,0,0,0,0,0,0,0
9,5,10,0,0,0,0,0,0,0,0,0,0,0
9,10,15,0,0,0,0,0,0,0,0,0,0,0
9,15,20,0,0,0,0,0,0,0,0,0,0,0
9,20,25,0,0,0,0,0,0,0,0,0,0,0
9,25,30,0,0,0,0,0,0,0,0,0,0,0
9,30,35,0,0,0,0,0,0,0,0,0,0,0
9,35,40,0,0,0,0,0,0,0,0,0,0,0
9,40,45,0,0,0,0,0,0,0,0,0,0,0
9,45,50,0,0,0,0,0,0,0,0,0,0,0
9,50,55,0,0,0,0,0,0,0,0,0,0,0
9,55,60,0,0,0,0,0,0,0,0,0,0,0
10,0,5,0,0,0,0,0,0,0,0,0,0,0
10,5,10,0,0,0,0,0,0,0,0,0,0,0
10,10,15,0,0,0,0,0,0,0,0,0,0,0
10,15,20,0,0,0,0,0,0,0,0,0,0,0
10,20,25,0,0,0,0,0,0,0,0,0,0,0
10,25,30,0,0,0,0,0,0,0,0,0,0,0
10,30,35,0,0,0,0,0,0,0,0,0,0,0
10,35,40,0,0,0,0,0,0,0,0,0,0,0
10,40,45,0,0,0,0,0,0,0,0,0,0,0
10,45,50,0,0,0,0,0,0,0,0,0,0,0
10,50,55,0,0,0,0,0,0,0,0,0,0,0
10,55,60,0,0,0,0,0,0,0,0,0,0,0
11,0,5,0,0,0,0,0,0,0,0,0,0,0
11,5,10,0,0,0,0,0,0,0,0,0,0,0
11,10,15,0,0,0,0,0,0,0,0,0,0,0
11,15,20,0,0,0,0,0,0,0,0,0,0,0
11,20,25,0,0,0,0,0,0,0,0,0,0,0
11,25,30,0,0,0,0,0,0,0,0,0,0,0
11,30,35,0,0,0,0,0,0,0,0,0,0,0
11,35,40,0,0,0,0,0,0,0,0,0,0,0
11,40,45,0,0,0,0,0,0,0,0,0,0,0
11,45,50,0,0,0,0,0,0,0,0,0,0,0
11,50,55,0,0,0,0,0,0,0,0,0,0,0
11,55,60,0,0,0,0,0,0,0,0,0,0,0
12,0,5,0,0,0,0,0,0,0,0,0,0,0
12,5,10,0,0,0,0,0,0,0,0,0,0,0
12,10,15,0,0,0,0,0,0,0,0,0,0,0
12,15,20,0,0,0,0,0,0,0,0,0,0,0
12,20,25,0,0,0,0,0,0,0,0,0,0,0
12,25,30,0,0,0,0,0,0,0,0,0,0,0
12,30,35,0,0,0,0,0,0,0,0,0,0,0
12,35,40,0,0,0,0,0,0,0,0,0,0,0
12,40,45,0,0,0,0,0,0,0,0,0,0,0
12,45,50,0,0,0,0,0,0,0,0,0,0,0
12,50,55,0,0,0,0,0,0,0,0,0,0,0
12,55,60,0,0,0,0,0,0,0,0,0,0,0
13,0,5,0,0,0,0,0,0,0,0,0,0,0
13,5,10,0,0,0,0,0,0,0,0,0,0,0
13,10,15,0,0,0,0,0,0,0,0,0,0,0
13,15,20,0,0,0,0,0,0,0,0,0,0,0
13,20,25,0,0,0,0,0,0,0,0,0,0,0
13,25,30,0,0,0,0,0,0,0,0,0,0,0
13,30,35,0,0,0,0,0,0,0,0,0,0,0
13,35,40,0,0,0,0,0,0,0,0,0,0,0
13,40,45,0,0,0,0,0,0,0,0,0,0,0
13,45,50,0,0,0,0,0,0,0,0,0,0,0
13,50,55,0,0,0,0,0,0,0,0,0,0,0
13,55,60,0,0,0,0,0,0,0,0,0,0,0
14,0,5,0,0,0,0,0,0,0,0,0,0,0
14,5,10,0,0,0,0,0,0,0,0,0,0,0
14,10,15,0,0,0,0,0,0,0,0,0,0,0
14,15,20,0,0,0,0,0,0,0,0,0,0,0
14,20,25,0,0,0,0,0,0,0,0,0,0,0
14,25,30,0,0,0,0,0,0,0,0,0,0,0
14,30,35,0,0,0,0,0,0,0,0,0,0,0
14,35,40,0,0,0,0,0,0,0,0,0,0,0
14,40,45,0,0,0,0,0,0,0,0,0,0,0
14,45,50,0,0,0,0,0,0,0,0,0,0,0
14,50,55,0,0,0,0,0,0,0,0,0,0,0
14,55,60,0,0,0,0,0,0,0,0,0,0,0
15,0,5,0,0,0,0,0,0,0,0,0,0,0
15,5,10,0,0,0,0,0,0,0,0,0,0,0
15,10,15,0,0,0,0,0,0,0,0,0,0,0
15,15,20,0,0,0,0,0,0,0,0,0,0,0
15,20,25,0,0,0,0,0,0,0,0,0,0,0
15,25,30,0,0,0,0,0,0,0,0,0,0,0
15,30,35,0,0,0,0,0,0,0,0,0,0,0
15,35,40,0,0,0,0,0,0,0,0,0,0,0
15,40,45,0,0,0,0,0,0,0,0,0,0,0
15,45,50,0,0,0,0,0,0,0,0,0,0,0
15,50,55,0,0,0,0,0,0,0,0,0,0,0
15,55,60,0,0,0,0,0,0,0,0,0,0,0
16,0,5,0,0,0,0,0,0,0,0,0,0,0
16,5,10,0,0,0,0,0,0,0,0,0,0,0
16,10,15,0,0,0,0,0,0,0,0,0,0,0
16,15,20,0,0,0,0,0,0,0,0,0,0,0
16,20,25,0,0,0,0,0,0,0,0,0,0,0
16,25,30,0,0,0,0,0,0,0,0,0,0,0
16,30,35,0,0,0,0,0,0,0,0,0,0,0
16,35,40,0,0,0,0,0,0,0,0,0,0,0
16,40,45,0,0,0,0,0,0,0,0,0,0,0
16,45,50,0,0,0,0,0,0,0,0,0,0,0
16,50,55,0,0,0,0,0,0,0,0,0,0,0
16,55,60,0,0,0,0,0,0,0,0,0,0,0
17,0,5,0,0,0,0,0,0,0,0,0,0,0
17,5,10,0,0,0,0,0,0,0,0,0,0,0
17,10,15,0,0,0,0,0,0,0,0,0,0,0
17,15,20,0,0,0,0,0,0,0,0,0,0,0
17,20,25,0,0,0,0,0,0,0,0,0,0,0
17,25,30,0,0,0,0,0,0,0,0,0,0,0
17,30,35,0,0,0,0,0,0,0,0,0,0,0
17,35,40,0,0,0,0,0,0,0,0,0,0,0
17,40,45,0,0,0,0,0,0,0,0,0,0,0
17,45,50,0,0,0,0,0,0,0,0,0,0,0
17,50,55,0,0,0,0,0,0,0,0,0,0,0
17,55,60,0,0,0,0,0,0,0,0,0,0,0
18,0,5,0,0,0,0,0,0,0,0,0,0,0
18,5,10,0,0,0,0,0,0,0,0,0,0,0
18,10,15,0,0,0,0,0,0,0,0,0,0,0
18,15,20,0,0,0,0,0,0,0,0,0,0,0
18,20,25,0,0,0,0,0,0,0,0,0,0,0
18,25,30,0,0,0,0,0,0,0,0,0,0,0
18,30,35,0,0,0,0,0,0,0,0,0,0,0
18,35,40,0,0,0,0,0,0,0,0,0,0,0
18,40,45,0,0,0,0,0,0,0,0,0,0,0
18,45,50,0,0,0,0,0,0,0,0,0,0,0
18,50,55,0,0,0,0,0,0,0,0,0,0,0
18,55,60,0,0,0,0,0,0,0,0,0,0,0
19,0,5,0,0,0,0,0,0,0,0,0,0,0
19,5,10,0,0,0,0,0,0,0,0,0,0,0
19,10,15,0,0,0,0,0,0,0,0,0,0,0
19,15,20,0,0,0,0,0,0,0,0,0,0,0
19,20,25,0,0,0,0,0,0,0,0,0,0,0
19,25,30,0,0,0,0,0,0,0,0,0,0,0
19,30,35,0,0,0,0,0,0,0,0,0,0,0
19,35,40,0,0,0,0,0,0,0,0,0,0,0
19,40,45,0,0,0,0,0,0,0,0,0,0,0
19,45,50,0,0,0,0,0,0,0,0,0,0,0
19,50,55,0,0,0,0,0,0,0,0,0,0,0
19,55,60,0,0,0,0,0,0,0,0,0,0,0
20,0,5,0,0,0,0,0,0,0,0,0,0,0
20,5,10,0,0,0,0,0,0,0,0,0,0,0
20,10,15,0,0,0,0,0,0,0,0,0,0,0
20,15,20,0,0,0,0,0,0,0,0,0,0,0
20,20,25,0,0,0,0,0,0,0,0,0,0,0
20,25,30,0,0,0,0,0,0,0,0,0,0,0
20,30,35,0,0,0,0,0,0,0,0,0,0,0
20,35,40,0,0,0,0,0,0,0,0,0,0,0
20,40,45,0,0,0,0,0,0,0,0,0,0,0
20,45,50,0,0,0,0,0,0,0,0,0,0,0
20,50,55,0,0,0,0,0,0,0,0,0,0,0
20,55,60,0,0,0,0,0,0,0,0,0,0,0
21,0,5,0,0,0,0,0,0,0,0,0,0,0
21,5,10,0,0,0,0,0,0,0,0,0,0,0
21,10,15,0,0,0,0,0,0,0,0,0,0,0
21,15,20,0,0,0,0,0,0,0,0,0,0,0
21,20,25,0,0,0,0,0,0,0,0,0,0,0
21,25,30,0,0,0,0,0,0,0,0,0,0,0
21,30,35,0,0,0,0,0,0,0,0,0,0,0
21,35,40,0,0,0,0,0,0,0,0,0,0,0
21,40,45,0,0,0,0,0,0,0,0,0,0,0
21,45,50,0,0,0,0,0,0,0,0,0,0,0
21,50,55,0,0,0,0,0,0,0,0,0,0,0
21,55,60,0,0,0,0,0,0,0,0,0,0,0
22,0,5,0,0,0,0,0,0,0,0,0,0,0
22,5,10,0,0,0,0,0,0,0,0,0,0,0
22,10,15,0,0,0,0,0,0,0,0,0,0,0
22,15,20,0,0,0,0,0,0,0,0,0,0,0
22,20,25,0,0,0,0,0,0,0,0,0,0,0
22,25,30,0,0,0,0,0,0,0,0,0,0,0
22,30,35,0,0,0,0,0,0,0,0,0,0,0
22,35,40,0,0,0,0,0,0,0,0,0,0,0
22,40,45,0,0,0,0,0,0,0,0,0,0,0
22,45,50,0,0,0,0,0,0,0,0,0,0,0
22,50,55,0,0,0,0,0,0,0,0,0,0,0
22,55,60,0,0,0,0,0,0,0,0,0,0,0
23,0,5,0,0,0,0,0,0,0,0,0,0,0
23,5,10,0,0,0,0,0,0,0,0,0,0,0
23,10,15,0,0,0,0,0,0,0,0,0,0,0
23,15,20,0,0,0,0,0,0,0,0,0,0,0
23,20,25,0,0,0,0,0,0,0,0,0,0,0
23,25,30,0,0,0,0,0,0,0,0,0,0,0
23,30,35,0,0,0,0,0,0,0,0,0,0,0
23,35,40,0,0,0,0,0,0,0,0,0,0,0
23,40,45,0,0,0,0,0,0,0,0,0,0,0
23,45,50,0,0,0,0,0,0,0,0,0,0,0
23,50,55,0,0,0,0,0,0,0,0,0,0,0
23,55,60,0,0,0,0,0,0,0,0,0,0,0
