Hour,Starting minute (inclussive),Ending minute (exclussive),Generated power,TemperatureC,DewpointC,PressurehPa,WindDirectionDegrees,WindSpeedKMH,WindSpeedGustKMH,Humidity,HourlyPrecipMM,dailyrainMM,SolarRadiationWatts_m2
0,0,5,0,10,6.5,1018,330,0.5,1.5,81,0,15.5,0
0,5,10,0,0,0,0,0,0,0,0,0,0,0
0,10,15,0,9.5,6.5,1018,327.5,1.5,3,80.5,0,0,0
0,15,20,0,9.5,6.5,1018,161.5,1.5,4,81,0,0,0
0,20,25,0,9.5,6.5,1018,161.5,0,2,81.5,0,0,0
0,25,30,0,9.5,6.5,1018,168.5,0.5,3,81.5,0,0,0
0,30,35,0,9.5,6.5,1018,159.5,2,3,81.5,0,0,0
0,35,40,0,9.5,6.5,1018,165.5,3,3,82,0,0,0
0,40,45,0,9.5,6.5,1018,327,2,4,82,0,0,0
0,45,50,0,9.5,6.5,1018,326.5,0.5,4,82.5,0,0,0
0,50,55,0,9.5,6.5,1018,322,0,2,82.5,0,0,0
0,55,60,0,9.5,6.5,1018,324,0.5,2,83,0,0,0
1,0,5,0,9.5,6.5,1018,330,1.5,1.5,83,0,0,0
1,5,10,0,9.5,6.5,1018,334.5,1.5,2,83,0,0,0
1,10,15,0,9.5,6.5,1018,329,2,3,83,0,0,0
1,15,20,0,9.5,6.5,1018,329,0.5,2,83,0,0,0
1,20,25,0,9.5,6.5,1018.5,329,0.5,1.5,83.5,0,0,0
1,25,30,0,9.5,6.5,1018.5,329,0.5,1.5,83.5,0,0,0
1,30,35,0,8.5,6.5,1018.5,329,0.5,0.5,84,0,0,0
1,35,40,0,8.5,6.5,1018.5,331,2,2,84,0,0,0
1,40,45,0,9,6.5,1018.5,331,0.5,4.5,84,0,0,0
1,45,50,0,9,6.5,1018.5,323,0.5,3,84,0,0,0
1,50,55,0,8.5,6.5,1018.5,317.5,0,2,84,0,0,0
1,55,60,0,8.5,6.5,1018.5,334.5,0.5,3,84.5,0,0,0
2,0,5,0,8.5,6.5,1018.5,172,3,3,84.5,0,0,0
2,5,10,0,8.5,6.5,1018.5,159.5,0.5,3,84.5,0,0,0
2,10,15,0,8.5,6.5,1018.5,162,0.5,3,84.5,0,0,0
2,15,20,0,9,6.5,1018.5,330.5,4,4,84.5,0,0,0
2,20,25,0,9,6.5,1018.5,160,3,4.5,84.5,0,0,0
2,25,30,0,9,6.5,1018.5,327.5,2,4,84.5,0,0,0
2,30,35,0,9,6.5,1018.5,330.5,2,3,84.5,0,0,0
2,35,40,0,9,6.5,1018.5,333,1.5,4,84.5,0,0,0
2,40,45,0,9,6.5,1018.5,335,0.5,3,85,0,0,0
2,45,50,0,9,6.5,1018,335.5,1.5,2,84.5,0,0,0
2,50,55,0,9,6.5,1018,326.5,0.5,2.5,84.5,0,0,0
2,55,60,0,9,6.5,1018,331,2,3,84,0,0,0
3,0,5,0,9,6.5,1018,170.5,0.5,3,84,0,0,0
3,5,10,0,9,6.5,1018,199.5,2,2,84,0,0,0
3,10,15,0,8.5,6,1018,202,1.5,2,84,0,0,0
3,15,20,0,8.5,6,1018,203,0.5,3,84,0,0,0
3,20,25,0,8.5,6.5,1018,203,0.5,2,84.5,0,0,0
3,25,30,0,8.5,6.5,1018,206.5,2,2,84.5,0,0,0
3,30,35,0,8.5,6,1018,193,2,3,84.5,0,0,0
3,35,40,0,8,6,1018,207,2,3,84.5,0,0,0
3,40,45,0,8,6,1018,202,4,4,84.5,0,0,0
3,45,50,0,8,5.5,1018,41.5,4.5,4.5,84.5,0,0,0
3,50,55,0,8,5.5,1018,186,3,6,84.5,0,0,0
3,55,60,0,8,6,1018,35,2,4.5,85,0,0,0
4,0,5,0,8,5.5,1018,34,0.5,4,84.5,0,0,0
4,5,10,0,8,5.5,1018,34,0,3,85,0,0,0
4,10,15,0,8,6,1018,39.5,0,1.5,85.5,0,0,0
4,15,20,0,8,6,1018,39.5,0,1.5,85.5,0,0,0
4,20,25,0,8,5.5,1018,40,0.5,0.5,85,0,0,0
4,25,30,0,8,6,1018,42,1.5,1.5,85.5,0,0,0
4,30,35,0,8,5.5,1018,55.5,1.5,2,85,0,0,0
4,35,40,0,8,6,1018,68,1.5,2.5,85.5,0,0,0
4,40,45,0,8,6,1018,70.5,1.5,5,85.5,0,0,0
4,45,50,0,8,6,1018,76.5,0.5,5,85.5,0,0,0
4,50,55,0,8,6,1018,72,2,2,85.5,0,0,0
4,55,60,0,8,6,1018,78,1.5,2,85.5,0,0,0
5,0,5,0,8,6,1018,78.5,0.5,4,85,0,0,0
5,5,10,0,8,6,1018,235.5,1.5,4,85,0,0,0
5,10,15,0,8,6,1018,235.5,1.5,5,85,0,0,0
5,15,20,0,8,5.5,1018,231,1.5,3,84,0,0,0
5,20,25,0,8,5.5,1018,229.5,0.5,4.5,84,0,0,0
5,25,30,0,8,5.5,1018,223.5,2,5,84.5,0,0,0
5,30,35,0,8,5.5,1018,223,2,5.5,84,0,0,0
5,35,40,0,8,5.5,1018,224.5,0.5,6,84,0,0,0
5,40,45,0,8,5.5,1018,232.5,0.5,2,84,0,0,0
5,45,50,0,8,5.5,1018,230.5,1.5,4,84,0,0,0
5,50,55,0,7.5,5,1018.5,229,2,4.5,84.5,0,0,0
5,55,60,0,7.5,5,1018.5,222,2,4,84.5,0,0,0
6,0,5,0,7.5,5,1018.5,231,0,3,84.5,0,0,0
6,5,10,0,7.5,5,1018.5,231,0.5,2,84.5,0,0,0
6,10,15,0,7.5,5,1018.5,231,0.5,1.5,85,0,0,0
6,15,20,0,7,5,1018.5,231,0.5,2,85,0,0,0
6,20,25,0,7,5,1018.5,230.5,0,1.5,85,0,0,0
6,25,30,0,7,5,1018.5,230.5,0.5,1.5,85,0,0,0
6,30,35,0,7,5,1018.5,227,0.5,2,85.5,0,0,0
6,35,40,0,3.5,2.5,510.5,57,0,0,42.5,0,0,0
6,40,45,24.5,7,5,1018.5,227,0,1.5,86,0,0,5
6,45,50,60.5,7,5,1019,226.5,0,4.5,86.5,0,0,8
6,50,55,72.5,7,5,1019,227,0,2,86.5,0,0,11
6,55,60,93,7,5,1019,226.5,0,0.5,86.5,0,0,13
7,0,5,104,7,5,1019,227,0,0.5,87,0,0,17.5
7,5,10,129.5,7,5,1019,227,0,1.5,87,0,0,23.5
7,10,15,190.5,7,5,1019,231,1.5,1.5,86.5,0,0,31
7,15,20,247.5,7,5,1019,230.5,0,2.5,86.5,0,0,44.5
7,20,25,320.5,7.5,5.5,1019,68.5,0.5,2,86,0,0,56
7,25,30,412,8,6,1019,71,0.5,2.5,85.5,0,0,67
7,30,35,452.5,8,5.5,1019,71,2,3.5,85,0,0,82.5
7,35,40,510.5,8,6,1019,72,0,5,84.5,0,0,102
7,40,45,566.5,8,6,1019,72,0,4.5,84.5,0,0,116.5
7,45,50,628.5,8,6,1019,72,0.5,2,84,0,0,133.5
7,50,55,644.5,8.5,6,1019.5,72,0,2,83.5,0,0,148.5
7,55,60,738,8.5,6,1019.5,237.5,2,5,83,0,0,169
8,0,5,845.5,9,6,1019.5,221.5,1.5,5,82.5,0,0,186
8,5,10,825.5,9,6,1019.5,228,2,6,81.5,0,0,212
8,10,15,905,9,6,1019.5,224.5,1.5,5,81,0,0,236
8,15,20,743.5,9,6,1019.5,222.5,4,5,80.5,0,0,235.5
8,20,25,806,9,6,1019.5,228,4,8.5,79.5,0,0,181
8,25,30,903,9,6,1019.5,231.5,4,7,79,0,0,251
8,30,35,1031.5,9,6,1019.5,62.5,1.5,7,79,0,0,282
8,35,40,1109,9.5,6.5,1019.5,232.5,2.5,6,79.5,0,0,295.5
8,40,45,977,9.5,6,1019.5,232.5,5,8,78,0,0,309.5
8,45,50,1012,9.5,6,1019.5,234,2.5,10.5,78,0,0,326
8,50,55,897,10,6,1019.5,85,2,6.5,77,0,0,345
8,55,60,490.5,10,6,1020,79.5,4.5,8.5,76.5,0,0,360.5
9,0,5,408.5,10,6,1020,94.5,1.5,10,77.5,0,0,376
9,5,10,560,10,6,1020,88,3,9.5,77,0,0,385.5
9,10,15,974,10.5,6.5,1020,83,4,7.5,77.5,0,0,408.5
9,15,20,1205,10.5,6.5,1020,71.5,0.5,8.5,76.5,0,0,418
9,20,25,981,10.5,6.5,1020,64.5,4,7,75.5,0,0,437
9,25,30,1235.5,11,6.5,1020,239.5,1.5,6.5,74.5,0,0,451.5
9,30,35,1398,11.5,6.5,1020,76.5,3.5,8.5,73.5,0,0,466.5
9,35,40,1886.5,11.5,6.5,1020,210,3,8.5,72,0,0,484
9,40,45,2226,11.5,7,1020,202,6,7,71.5,0,0,498.5
9,45,50,2633.5,11.5,6.5,1020,207,6,10,69.5,0,0,515
9,50,55,2985.5,12,6,1020,211,6,8,69,0,0,537
9,55,60,3141,12,6,1020,223.5,4.5,12.5,68.5,0,0,547
10,0,5,3185.5,12,6.5,1020,233,2,10,68,0,0,523
10,5,10,3499,12,6,1020,232.5,4,13,68,0,0,555.5
10,10,15,3738,12.5,6,1020,223,4,9,65.5,0,0,580.5
10,15,20,3834,12.5,6.5,1020,243,4.5,11.5,66.5,0,0,599
10,20,25,3926,12.5,5.5,1020,238,9.5,12.5,63,0,0,335
10,25,30,4056,12.5,5,1020,240,8.5,12.5,62.5,0,0,340
10,30,35,3955.5,12.5,5.5,1020,232.5,2,10.5,62,0,0,651
10,35,40,3426,13,6,1020,237.5,3,9.5,62,0,0,674.5
10,40,45,3209,13.5,5.5,1020,105,6,9,59.5,0,0,721.5
10,45,50,4413,13.5,6,1020,272.5,5,11,60,0,0,740
10,50,55,3305,13,5,1020,106.5,3,10.5,58.5,0,0,747.5
10,55,60,3485,13.5,5.5,1020,134.5,1.5,8.5,60,0,0,597.5
11,0,5,2992,13,5,1020,268.5,4,10,58.5,0,0,479
11,5,10,3399,13,5,1020,308.5,6,12,59,0,0,488.5
11,10,15,4317,13,5.5,1020,281.5,7,11.5,59.5,0,0,534.5
11,15,20,3697,13,5.5,1020,137,1.5,10.5,59,0,0,628.5
11,20,25,3304,13.5,5.5,1020,159,7.5,13,58.5,0,0,629.5
11,25,30,3374,13.5,5.5,1020,167,4,16,58.5,0,0,526.5
11,30,35,4509.5,14,6,1020.5,300,4,11,60,0,0,548
11,35,40,5612.5,13.5,5.5,1020,301.5,3,12.5,59.5,0,0,584.5
11,40,45,5164.5,13.5,5.5,1020,294,9,15.5,58.5,0,0,873.5
11,45,50,3934,13.5,6,1020.5,308.5,4.5,18,59.5,0,0,817.5
11,50,55,4683,13.5,6,1019.5,264,1.5,14,60,0,0,621.5
11,55,60,4918.5,14,6,1019.5,141.5,4.5,14.5,60.5,0,0,728.5
12,0,5,5270.5,14,6.5,1020,271,4.5,15.5,60,0,0,776
12,5,10,5201.5,14,6,1020,256.5,4.5,14,59,0,0,785
12,10,15,5122.5,14,6.5,1020,233,6,14.5,60.5,0,0,730.5
12,15,20,5256.5,14,6.5,1020,286,3.5,12.5,58.5,0,0,790
12,20,25,4707,14,5.5,1020,250.5,1.5,13.5,58,0,0,886.5
12,25,30,5018,14,6.5,1020,239.5,4,11.5,60,0,0,845.5
12,30,35,4801,14,6,1020,260,7.5,11,59,0,0,773.5
12,35,40,4942.5,14,6,1020,300,6,13,59,0,0,491.5
12,40,45,5028,14,6.5,1020,238.5,6.5,15.5,60.5,0,0,742
12,45,50,5131.5,14,6.5,1020,243,5.5,15.5,60.5,0,0,782
12,50,55,5640,14,6,1020,266,6,14,59,0,0,887
12,55,60,5611,14,6.5,1020,278,13,19,60,0,0,832.5
13,0,5,4935,14,6.5,1020,250.5,3,17,60,0,0,890
13,5,10,5006,14,6,1020,267,6,15,59,0,0,766.5
13,10,15,4967,14,6,1019.5,228.5,4.5,17.5,59,0,0,729.5
13,15,20,5496,14,6,1019.5,262.5,9,17,58,0,0,766.5
13,20,25,5802.5,14,6.5,1019.5,113,5.5,15,58.5,0,0,859.5
13,25,30,5697,14.5,6,1019.5,236.5,8.5,15.5,58,0,0,894
13,30,35,5561,15,6.5,1019.5,329,7.5,14,57,0,0,887.5
13,35,40,5714.5,14.5,6,1019.5,305.5,9,16.5,57,0,0,873.5
13,40,45,5824.5,14.5,6,1019.5,277,6,18,57,0,0,944
13,45,50,5258,15,6,1019.5,267,10,20.5,57,0,0,963.5
13,50,55,5119.5,14.5,6,1019.5,118,7.5,18,57,0,0,755
13,55,60,5465.5,14.5,6,1019.5,270,7,16.5,56,0,0,856
14,0,5,5265,14.5,5.5,1019.5,237.5,10,18,56,0,0,890.5
14,5,10,5146.5,14.5,5.5,1019.5,245,6.5,17,55,0,0,866
14,10,15,5033,14.5,5.5,1019.5,286,10,19,55,0,0,861.5
14,15,20,5030.5,14.5,5.5,1019.5,253.5,6.5,19,56,0,0,872
14,20,25,4977,14.5,5.5,1019.5,279.5,15.5,19.5,56,0,0,859
14,25,30,4843.5,14.5,5.5,1019.5,298.5,13,22,56,0,0,849
14,30,35,4793.5,14.5,5.5,1019.5,317.5,13.5,22.5,56.5,0,0,857
14,35,40,4760.5,14.5,5.5,1019.5,287,1.5,18,55,0,0,844
14,40,45,4720.5,14.5,6,1019.5,284,13,22,56.5,0,0,851.5
14,45,50,4361,14.5,6,1019.5,284,7,20.5,56.5,0,0,838.5
14,50,55,4095.5,14.5,5,1019.5,281.5,4.5,24.5,56,0,0,849
14,55,60,3462,14,5,1019.5,254.5,19.5,22,55,0,0,735.5
15,0,5,3316,14.5,5,1019.5,285,6,24.5,55,0,0,699.5
15,5,10,3330.5,14.5,5,1019.5,254,8.5,17.5,55,0,0,675
15,10,15,3620,14.5,5,1019.5,319,12.5,20.5,55,0,0,859
15,15,20,3364.5,14.5,5,1019.5,266.5,10,19.5,54,0,0,823.5
15,20,25,3178.5,14.5,5,1019.5,251,4,21.5,55,0,0,800
15,25,30,3132,14.5,4.5,1019.5,282,6,20,52.5,0,0,789.5
15,30,35,3009,14.5,4.5,1019.5,288.5,9.5,19.5,51.5,0,0,782.5
15,35,40,2815.5,14.5,4.5,1019.5,274.5,4.5,17,51.5,0,0,836.5
15,40,45,2843,14.5,4.5,1019.5,281.5,10.5,16.5,51.5,0,0,687
15,45,50,2733.5,14.5,4.5,1019.5,273,15.5,22,53,0,0,634.5
15,50,55,2671,14.5,4.5,1019.5,290.5,5.5,23.5,54.5,0,0,670.5
15,55,60,2559,14.5,5,1019.5,226,5.5,17,55.5,0,0,622.5
16,0,5,2627.5,14.5,6,1019.5,334,5,19.5,57,0,0,619.5
16,5,10,2553,14.5,6,1019.5,289.5,8,15.5,57,0,0,642.5
16,10,15,2346,14.5,6,1019.5,258.5,10,20.5,58,0,0,628.5
16,15,20,2116.5,14.5,6,1019.5,266.5,6,19,57,0,0,596
16,20,25,2256.5,14.5,6,1019.5,298.5,10,19.5,59.5,0,0,573.5
16,25,30,1998.5,14,6,1019.5,270.5,12.5,21.5,58.5,0,0,671.5
16,30,35,1716.5,14.5,6,1019.5,260.5,15,22.5,59.5,0,0,654.5
16,35,40,1603.5,13.5,6,1019.5,288,15.5,24,59.5,0,0,630
16,40,45,1510.5,13.5,6,1019.5,279,7,24,60,0,0,582
16,45,50,1359,14,6.5,1019.5,313.5,8,18,61,0,0,608
16,50,55,1304.5,14,6,1019.5,303,8.5,26,59.5,0,0,607.5
16,55,60,1558.5,14.5,6.5,1019.5,131,2,20.5,60.5,0,0,599.5
17,0,5,1651,14,6.5,1019.5,266.5,9,23,60.5,0,0,580
17,5,10,1634.5,14.5,7,1019.5,259.5,4,19,62,0,0,563
17,10,15,1660.5,14.5,6.5,1019,275,11.5,23,61,0,0,556.5
17,15,20,1622,14,6,1019,264.5,11,21.5,60.5,0,0,544
17,20,25,1714,14,6.5,1019,307.5,5,20,61,0,0,533
17,25,30,1775,14,6.5,1019,308.5,7,19,61,0,0,516
17,30,35,2171.5,14,7,1019,321,10,18,63,0,0,515
17,35,40,2174.5,14,7,1019,295,4.5,19.5,63,0,0,496.5
17,40,45,2105.5,14,7,1019,306.5,4.5,20.5,62,0,0,471
17,45,50,2020.5,14,7,1019,317.5,11.5,18.5,61.5,0,0,459
17,50,55,1948.5,14,6.5,1018.5,308,3.5,18,61.5,0,0,435
17,55,60,1851.5,14.5,6.5,1018.5,310.5,3,14,60.5,0,0,419.5
18,0,5,1776,14.5,7,1018.5,325.5,6,12.5,61.5,0,0,399
18,5,10,1704.5,14.5,6.5,1018.5,287,4.5,15.5,61.5,0,0,378.5
18,10,15,1584.5,14.5,6.5,1018.5,312,7,15.5,61,0,0,365
18,15,20,1458,14,6.5,1018.5,326,7.5,17,61,0,0,350.5
18,20,25,1359.5,14,6.5,1018.5,265,9,15.5,62,0,0,305
18,25,30,1329.5,13.5,7,1018.5,312.5,10,13,63.5,0,0,323.5
18,30,35,1238,14,7,1018.5,272.5,3.5,16,63.5,0,0,306.5
18,35,40,1134.5,14,7,1019,290.5,8.5,15.5,62.5,0,0,286.5
18,40,45,977.5,13.5,7,1019,270,3.5,17,64,0,0,259
18,45,50,936.5,13.5,7,1018.5,283,13,18,64,0,0,256.5
18,50,55,853,14,7,1018.5,287,3,14.5,64.5,0,0,230
18,55,60,762.5,14,7,1018.5,270.5,3,14,65.5,0,0,216
19,0,5,717.5,14,7,1018.5,273.5,5.5,14,65,0,0,197
19,5,10,685.5,13.5,7,1018.5,275,7,15.5,65,0,0,185.5
19,10,15,604,14,7,1018.5,294.5,2,12.5,65,0,0,170
19,15,20,513.5,13.5,7.5,1018.5,284,11,14,67,0,0,147.5
19,20,25,416.5,13,7,1018.5,285.5,5.5,17,65.5,0,0,109.5
19,25,30,354,13,7,1018.5,310,5,16,66,0,0,99.5
19,30,35,318,13,7,1018.5,268.5,12.5,14,67,0,0,80.5
19,35,40,255.5,13,7,1019,158,4,15.5,68,0,0,73.5
19,40,45,300,13,7,1019,299,4,15.5,68,0,0,69.5
19,45,50,287.5,13,7,1019,290,5.5,14.5,68.5,0,0,64.5
19,50,55,261.5,13,7,1019,294,3,14,68.5,0,0,55.5
19,55,60,235,13,7,1019,312,3,12,68.5,0,0,46.5
20,0,5,219.5,13,7,1019,291.5,1.5,12,68.5,0,0,40.5
20,5,10,197.5,13,7,1019,298,4.5,8.5,69.5,0,0,36
20,10,15,162.5,13,7.5,1019,159.5,4,12.5,70,0,0,29
20,15,20,113.5,12.5,7.5,1019,154.5,4,12,71,0,0,20
20,20,25,73.5,12.5,7,1019,289,1.5,9,70.5,0,0,13
20,25,30,46,12.5,7,1019,281,4,10,70.5,0,0,8
20,30,35,25,12.5,7.5,1019,311.5,2,6,71.5,0,0,2.5
20,35,40,5,12.5,7,1019,301,2.5,11,71.5,0,0,0
20,40,45,0,12.5,7,1019,312,0.5,11.5,71.5,0,0,0
20,45,50,0,12.5,7.5,1018.5,287,3,3,72.5,0,0,0
20,50,55,0,12.5,7.5,1018.5,296,0,6,72.5,0,0,0
20,55,60,0,12.5,7.5,1018.5,277.5,3,5.5,72.5,0,0,0
21,0,5,0,12.5,7.5,1018.5,279.5,0.5,8.5,73,0,0,0
21,5,10,0,12.5,7.5,1018.5,270.5,0.5,6,73,0,0,0
21,10,15,0,12.5,7.5,1018.5,293,3,4.5,73,0,0,0
21,15,20,0,12.5,7.5,1018.5,276.5,0.5,5,73.5,0,0,0
21,20,25,0,12.5,7.5,1018.5,292,0.5,3,73.5,0,0,0
21,25,30,0,12.5,7.5,1018.5,274.5,0,1.5,73.5,0,0,0
21,30,35,0,12.5,7.5,1019,301.5,2.5,3,73.5,0,0,0
21,35,40,0,12.5,7,1019,293,1.5,4.5,73,0,0,0
21,40,45,0,12,7.5,1019,291,2.5,7.5,73.5,0,0,0
21,45,50,0,12,7.5,1019,293,1.5,6.5,74,0,0,0
21,50,55,0,12,7.5,1018.5,287.5,5.5,5.5,74,0,0,0
21,55,60,0,12,7.5,1019,279,1.5,5.5,74,0,0,0
22,0,5,0,11.5,7.5,1019,287,0.5,4,74,0,0,0
22,5,10,0,11.5,7.5,1019,288,0.5,4,74,0,0,0
22,10,15,0,11.5,7.5,1019,295,0.5,2,74.5,0,0,0
22,15,20,0,12,7.5,1018.5,289,0.5,4.5,75,0,0,0
22,20,25,0,12,7.5,1019,296,1.5,2,74.5,0,0,0
22,25,30,0,12,7.5,1019,287,0.5,3,74.5,0,0,0
22,30,35,0,11.5,7.5,1019,285,0,2,75,0,0,0
22,35,40,0,12,7.5,1018.5,286,1.5,2,75,0,0,0
22,40,45,0,12,7.5,1018.5,291,1.5,2,75.5,0,0,0
22,45,50,0,11.5,7.5,1018.5,289,0,2,75.5,0,0,0
22,50,55,0,12,7.5,1019,268,2,2,75.5,0,0,0
22,55,60,0,12,7.5,1019,272,4,4,75.5,0,0,0
23,0,5,0,12,7.5,1019,274,1.5,4,75.5,0,0,0
23,5,10,0,12,7.5,1018.5,272.5,0.5,2,76,0,0,0
23,10,15,0,12,7.5,1019,279,0.5,2,76,0,0,0
23,15,20,0,12,7.5,1018.5,269,4.5,3,75.5,0,0,0
23,20,25,0,12,7.5,1018.5,277.5,0.5,7.5,76,0,0,0
23,25,30,0,12,7.5,1018.5,283,0.5,4.5,75.5,0,0,0
23,30,35,0,12,7.5,1018.5,263,3.5,7,75.5,0,0,0
23,35,40,0,12,7.5,1018.5,253.5,0,6,75.5,0,0,0
23,40,45,0,12,7.5,1018.5,262,3.5,5,76,0,0,0
23,45,50,0,12,7.5,1018.5,260.5,0.5,7,76,0,0,0
23,50,55,0,12,7.5,1018.5,233.5,0.5,3,76.5,0,0,0
23,55,60,0,12,7.5,1018.5,248.5,0.5,3,76.5,0,0,0
0,0,5,0,12,7.5,1018.5,253.5,1.5,3,76.5,0,0,0
0,5,10,0,0,0,0,0,0,0,0,0,0,0
0,10,15,0,12,7.5,1018.5,260,0.5,4,76.5,0,0,0
0,15,20,0,11.5,7.5,1018.5,266,0.5,6,76.5,0,0,0
0,20,25,0,11.5,7.5,1018.5,265,4,5,77,0,0,0
0,25,30,0,11.5,7.5,1018.5,245,4.5,7.5,76.5,0,0,0
0,30,35,0,11.5,7.5,1018.5,262,2,7.5,76.5,0,0,0
0,35,40,0,11.5,7.5,1018.5,252,2,8,77,0,0,0
0,40,45,0,11.5,7.5,1018.5,257,1.5,4.5,77,0,0,0
0,45,50,0,11.5,7.5,1018.5,232,1.5,4,78,0,0,0
0,50,55,0,11.5,7.5,1018.5,233.5,0.5,3,78.5,0,0,0
0,55,60,0,11,7.5,1018.5,239.5,1.5,5,79,0,0,0
1,0,5,0,11,7.5,1018.5,241,0.5,2,79,0,0,0
1,5,10,0,11,7.5,1018.5,243,0.5,3,79,0,0,0
1,10,15,0,11,7.5,1018.5,248.5,0.5,3,79,0,0,0
1,15,20,0,11,7.5,1018.5,239.5,1.5,3,79,0,0,0
1,20,25,0,11,7.5,1018.5,231,1.5,4,79.5,0,0,0
1,25,30,0,11,7.5,1018.5,222,1.5,3,79.5,0,0,0
1,30,35,0,11,7.5,1018.5,234,2,3,79,0,0,0
1,35,40,0,11,7.5,1018.5,247,3,4,79.5,0,0,0
1,40,45,0,11,7.5,1018,240.5,2,5.5,80,0,0,0
1,45,50,0,11,7.5,1018,230.5,2,4,80,0,0,0
1,50,55,0,11,7.5,1018,243.5,1.5,4,80,0,0,0
1,55,60,0,11,7.5,1018,236.5,1.5,3,80,0,0,0
2,0,5,0,11,7.5,1018,238.5,3,3,80.5,0,0,0
2,5,10,0,11,7.5,1018,251,3,8,80.5,0,0,0
2,10,15,0,11,7.5,1018,257,2,5,81,0,0,0
2,15,20,0,11,7.5,1018,246,1.5,3,80.5,0,0,0
2,20,25,0,11,7.5,1018,252,3,4.5,81,0,0,0
2,25,30,0,11,7.5,1018,248,4,4,81,0,0,0
2,30,35,0,11,7.5,1018,262.5,2,4,81.5,0,0,0
2,35,40,0,11,7.5,1018,239.5,2,4.5,81.5,0,0,0
2,40,45,0,11,8,1018,260.5,1.5,4,82,0,0,0
2,45,50,0,11,8,1018,227,0.5,4.5,82.5,0,0,0
2,50,55,0,10.5,8,1017.5,256.5,1.5,5.5,82.5,0,0,0
2,55,60,0,10.5,8,1017.5,249.5,2,5.5,83,0,0,0
3,0,5,0,10.5,8,1017.5,224,1.5,4,83.5,0,0,0
3,5,10,0,10.5,8,1017.5,230.5,1.5,5.5,83.5,0,0,0
3,10,15,0,10.5,8,1017.5,245.5,1.5,5.5,83.5,0,0,0
3,15,20,0,10.5,8,1017.5,251.5,1.5,7,83.5,0,0,0
3,20,25,0,10.5,8,1017.5,237.5,3,4.5,84,0,0,0
3,25,30,0,10,8,1017.5,229.5,5.5,6,84,0,0,0
3,30,35,0,10,8,1017.5,246.5,1.5,5.5,84.5,0,0,0
3,35,40,0,10,8,1017.5,260.5,2,4.5,84.5,0,0,0
3,40,45,0,10,8,1017.5,218,1.5,6,84.5,0,0,0
3,45,50,0,10,8,1017.5,247.5,4.5,5.5,84.5,0,0,0
3,50,55,0,10,8,1017.5,249,5.5,7,85,0,0,0
3,55,60,0,10,8,1017.5,225,0.5,7,85.5,0,0,0
4,0,5,0,10,8,1017.5,244,3,6,85.5,0,0,0
4,5,10,0,10,7.5,1017.5,233,1.5,6,85.5,0,0,0
4,10,15,0,10,7.5,1017,252,0.5,7,86,0,0,0
4,15,20,0,10,7.5,1017,219,3,4.5,86.5,0,0,0
4,20,25,0,10,7.5,1017,263.5,2,6,86.5,0,0,0
4,25,30,0,10,8,1017,253,2,7,87,0.5,0,0
4,30,35,0,10,8,1017,246.5,0.5,4,87.5,0.5,0,0
4,35,40,0,10,8,1017,230.5,1.5,4.5,87.5,0.5,0,0
4,40,45,0,10,8,1017,238.5,3,4.5,88,0.5,0,0
4,45,50,0,10,7.5,1017,239,2,3,88,0,0,0
4,50,55,0,5,4,507.5,71.5,3,3,45,0,0,0
4,55,60,0,9.5,8,1017,237.5,2,5.5,88.5,0,0,0
5,0,5,0,9.5,7.5,1017,237.5,1.5,5.5,89,0,0,0
5,5,10,0,9.5,8,1017,248.5,5.5,5.5,89,0,0,0
5,10,15,0,9.5,7.5,1017,216.5,0.5,6,88.5,0,0,0
5,15,20,0,9.5,8,1017,246,1.5,5.5,89.5,0,0,0
5,20,25,0,9.5,8,1017,238.5,2,7,89.5,0,0,0
5,25,30,0,9.5,7.5,1017,237.5,6,6,89,0,0,0
5,30,35,0,9.5,7.5,1017,243,0.5,6,89.5,0,0,0
5,35,40,0,9.5,7.5,1017,230,1.5,4.5,89,0,0.5,0
5,40,45,0,9.5,7.5,1017,224.5,4.5,5.5,89,0,0.5,0
5,45,50,0,9.5,7.5,1017,250.5,3,6,89,0,0.5,0
5,50,55,0,9.5,7.5,1017,244,2,5.5,89,0,0.5,0
5,55,60,0,9.5,7.5,1017,227,1.5,6,89,0,0.5,0
6,0,5,0,9.5,7.5,1017,245.5,2,4.5,89.5,0,0.5,0
6,5,10,0,9.5,7.5,1017,256.5,3,7,89.5,0,0.5,0
6,10,15,0,9.5,7.5,1017,254.5,2,7,89.5,0,0.5,0
6,15,20,0,9.5,7.5,1017,239,8,8,89.5,0,0.5,0
6,20,25,0,9.5,7.5,1016.5,246,4.5,8.5,89,0,0.5,0
6,25,30,0,9.5,7.5,1017,222,2,7,89,0,0.5,0
6,30,35,0,9.5,7.5,1017,245,4.5,6,89,0,0.5,0
6,35,40,0,9.5,7.5,1016.5,228,4,5.5,89,0,0.5,0
6,40,45,14,9.5,7.5,1016.5,252,3,8,88.5,0,0.5,3.5
6,45,50,26,9.5,7.5,1017,242,3,7,88.5,0,0.5,3.5
6,50,55,30,9,7.5,1017,238.5,3,7,89,0,0.5,4.5
6,55,60,40,9,7.5,1017,245,4,7,88.5,0,0.5,6
7,0,5,63,9,7.5,1017,247.5,4.5,6,89,0,0.5,11.5
7,5,10,105,9,7.5,1017,236.5,2,6,89,0,0.5,21
7,10,15,117,9,7.5,1017,223,1.5,7,89,0,0.5,26.5
7,15,20,136.5,9,7.5,1017,228,1.5,6,89,0,0.5,31.5
7,20,25,182.5,9,7.5,1017,244.5,2,7,89.5,0,0.5,39.5
7,25,30,206,9.5,8,1017,227,2,7,90,0,0.5,43
7,30,35,264,9.5,8,1017,256.5,1.5,6,89,0,0.5,54.5
7,35,40,273,10,8,1017,250,4.5,6,89,0,0.5,62.5
7,40,45,353,10,8,1017,255.5,2,6,88.5,0,0.5,69.5
7,45,50,349,10,8.5,1017,225,2,5.5,88.5,0,0.5,76.5
7,50,55,348,10.5,8.5,1017,249,4.5,5.5,88,0,0.5,84.5
7,55,60,406.5,10.5,8.5,1017,245.5,4,6,87.5,0,0.5,96
8,0,5,462.5,11,8.5,1017,208.5,2,10,87,0,0.5,103.5
8,5,10,494.5,11,9,1017,237.5,4,9.5,87,0,0.5,112.5
8,10,15,513.5,11.5,9,1017,220,6,6,86.5,0,0.5,122
8,15,20,540,11,9,1017.5,259.5,4,8.5,86,0,0.5,138.5
8,20,25,533.5,11,9,1017.5,263.5,7,9.5,86,0,0.5,143
8,25,30,565.5,11,9,1017.5,263.5,2,9.5,86.5,0,0.5,148.5
8,30,35,609,11.5,9,1017.5,254.5,4,10,86,0,0.5,156.5
8,35,40,742.5,11.5,9.5,1017.5,111,3,7.5,86.5,0,0.5,171.5
8,40,45,731,11.5,9.5,1017.5,103.5,3,8.5,86.5,0,0.5,183
8,45,50,808,11.5,9.5,1017.5,115,3,9,86,0,0.5,206.5
8,50,55,936.5,11.5,9.5,1017.5,107,1.5,11.5,86,0,0.5,229.5
8,55,60,772,11.5,9.5,1017.5,166,2,10.5,85.5,0,0.5,253
9,0,5,602.5,11.5,9.5,1017.5,97,6,11,85,0,0.5,244
9,5,10,628.5,11.5,9.5,1017.5,97.5,3,10,85,0,0.5,250.5
9,10,15,958,12,9.5,1017.5,102.5,9,12.5,84.5,0,0.5,267.5
9,15,20,1152.5,12,9.5,1017.5,75,2,12.5,84,0,0.5,288.5
9,20,25,1135,12.5,9.5,1017.5,113,3,13.5,83,0,0.5,295.5
9,25,30,1128.5,12.5,9.5,1017.5,91.5,6,10.5,83,0,0.5,301
9,30,35,1281.5,13,10,1017,112.5,3,9,82.5,0,0.5,317
9,35,40,1614.5,13,10,1017,119.5,0.5,8.5,81.5,0,0.5,330.5
9,40,45,2044.5,13,10,1017,127,4,7,80.5,0,0.5,376
9,45,50,2171.5,13.5,10,1017,138.5,2,8.5,79.5,0,0.5,167
9,50,55,2124.5,13.5,10,1017,141,3,8.5,79,0,0.5,162
9,55,60,2162.5,13.5,10,1017,98.5,4,10,77.5,0,0.5,371.5
10,0,5,2373.5,14,10.5,1017,135.5,3,8.5,78,0,0.5,388
10,5,10,2718.5,14.5,10.5,1017,113,3.5,6,77,0,0.5,394
10,10,15,3017.5,14,10,1017,132.5,4,8,75.5,0,0.5,468.5
10,15,20,3123,14.5,10.5,1017,96,6,6,75.5,0,0.5,493
10,20,25,3135.5,14.5,10.5,1017,105.5,7,7,75,0,0.5,495
10,25,30,3591,15,10.5,1017,109,5.5,9.5,75,0,0.5,542
10,30,35,3732.5,15,10.5,1017,257,6,10,74.5,0,0.5,507
10,35,40,3972,14.5,10.5,1017,219.5,3,10.5,75,0,0.5,646.5
10,40,45,3974.5,15,10.5,1017,315,2,7,74,0,0.5,630
10,45,50,3851,15.5,10.5,1017,234,6,11.5,72.5,0,0.5,607.5
10,50,55,3418,15.5,10.5,1017,239,8,10,71,0,0.5,567.5
10,55,60,3278,15.5,10.5,1017,241,3,15,70.5,0,0.5,537
11,0,5,3144.5,15.5,10.5,1017,232,3,14.5,70.5,0,0.5,496.5
11,5,10,3082.5,15.5,10.5,1017,248.5,4.5,9.5,70,0,0.5,482.5
11,10,15,3092.5,15.5,10,1017,229,9.5,13,69,0,0.5,477.5
11,15,20,3102.5,15,10,1017,253,10.5,15.5,71.5,0,0.5,484.5
11,20,25,3177,15,10,1017,204.5,5.5,18,71.5,0,0.5,493.5
11,25,30,4237.5,16,10.5,1017,228,4.5,14,71.5,0,0.5,594
11,30,35,4448,16,11,1017,222,4,14,71,0,0.5,742.5
11,35,40,4012.5,16,11,1017,233,7,10,69.5,0,0.5,646
11,40,45,4218.5,16,10,1017,208.5,7,11,69,0,0.5,626
11,45,50,4412.5,16,11,1017.5,237,3,10,69.5,0,0.5,744.5
11,50,55,4236,16,10.5,1017,198.5,8.5,13.5,68.5,0,0.5,596
11,55,60,4384.5,16,10.5,1017,252,4,14,68,0,0.5,653
12,0,5,4073,16.5,10.5,1017,257.5,2,15.5,68,0,0.5,606.5
12,5,10,3954.5,16.5,10,1017.5,252,4.5,16,66.5,0,0.5,615.5
12,10,15,3699.5,16.5,10.5,1017.5,263.5,7,13,67.5,0,0.5,576.5
12,15,20,3625,16.5,11,1017.5,274.5,3,11.5,68,0,0.5,555.5
12,20,25,3622,16.5,10.5,1017.5,282.5,8.5,13,67,0,0.5,567
12,25,30,3424.5,17,10.5,1017.5,170.5,2,15.5,66.5,0,0.5,523
12,30,35,3794,17,10.5,1017.5,158,2,12.5,66.5,0,0.5,568.5
12,35,40,4162.5,17,10.5,1017,137.5,8,8.5,65,0,0.5,629.5
12,40,45,4340.5,17,11,1017,234,3,14,67,0,0.5,650.5
12,45,50,4390,17,10.5,1017,209.5,3,14,66.5,0,0.5,690
12,50,55,4077,17.5,11,1017,225.5,4,14.5,66.5,0,0.5,639
12,55,60,4443,17,10.5,1017,243.5,5.5,14,66,0,0.5,646
13,0,5,4496.5,17.5,11,1017,255,6.5,14,66.5,0,0.5,728
13,5,10,4821,17,11,1017,243.5,4.5,14.5,67.5,0,0.5,722.5
13,10,15,4910,17.5,11,1017,243,11.5,14,66.5,0,0.5,765.5
13,15,20,4251.5,17.5,11,1017,257.5,4.5,14,67.5,0,0.5,679
13,20,25,4603.5,17.5,11,1017,268,10,14,66.5,0,0.5,658.5
13,25,30,4922,17,11,1017,248,4.5,13.5,66,0,0.5,775.5
13,30,35,4992.5,17.5,11,1017,285.5,8,15,66,0,0.5,762
13,35,40,4849.5,17.5,11,1017,274,7,15.5,66,0,0.5,797
13,40,45,4515.5,17.5,11,1017,248.5,4,14.5,65,0,0.5,763
13,45,50,4099,17,10.5,1017,254,4.5,18,65.5,0,0.5,706
13,50,55,3991,17.5,11,1017,250,8,15,65.5,0,0.5,651.5
13,55,60,4016,17.5,11,1017,265.5,4,15.5,66,0,0.5,667
14,0,5,4188,17.5,10.5,1017,248,4.5,14,64,0,0.5,689
14,5,10,4460.5,17.5,10.5,1017,241.5,7,15.5,64.5,0,0.5,718
14,10,15,4347,17.5,10.5,1017,269,7.5,15,63.5,0,0.5,776
14,15,20,4083,17.5,10.5,1017,254,6.5,18,64,0,0.5,703
14,20,25,4387.5,17.5,10.5,1017,283.5,5.5,14,63,0,0.5,749
14,25,30,4140.5,18,10.5,1017,253,5.5,15.5,62,0,0.5,725
14,30,35,3953,17.5,10,1017,220,4.5,15.5,60,0,0.5,699.5
14,35,40,3605,18,10,1017,267,8.5,15.5,60.5,0,0.5,668
14,40,45,3520.5,18,10,1017,251.5,5,14.5,60.5,0,0.5,635
14,45,50,3628,17.5,9,1017,248,3.5,16,58,0,0.5,675
14,50,55,3316,18,9.5,1017,272,8.5,16.5,58,0,0.5,617
14,55,60,3077.5,18,9.5,1017,265.5,7,16,59,0,0.5,624
15,0,5,3263.5,18,9.5,1017,263.5,12.5,19,59.5,0,0.5,661
15,5,10,3371,17.5,9,1017,241.5,9,15.5,59.5,0,0.5,692.5
15,10,15,2929.5,18,10,1017,259.5,9,15.5,60.5,0,0.5,641.5
15,15,20,2604.5,18,10,1017,248,3,16.5,60,0,0.5,566
15,20,25,2656,7.5,5,508.5,116,5.5,8,36,0,0.5,185.5
15,25,30,2661.5,17.5,9.5,1017,244.5,2.5,16,60,0,0.5,581
15,30,35,2420,17.5,10,1017,294.5,4.5,16,62,0,0.5,523.5
15,35,40,2227.5,17.5,10,1017,266,8.5,18.5,61,0,0.5,524
15,40,45,2347,17.5,10,1017,252.5,3,14,63,0,0.5,555.5
15,45,50,2409,7.5,5,508.5,98.5,3,7,36,0,0.5,200.5
15,50,55,2422.5,17.5,10,1017,276,3,13,60,0,0.5,584.5
15,55,60,2509.5,17.5,9.5,1017,238.5,12.5,16.5,59.5,0,0.5,576.5
16,0,5,2431.5,17.5,9.5,1017,233.5,4,15,60.5,0,0.5,590
16,5,10,2572,17.5,10,1017,233,3,13,60,0,0.5,597
16,10,15,2383,17.5,9.5,1017,269,2.5,15,61,0,0.5,552.5
16,15,20,2173,17.5,9.5,1017,271.5,8,15.5,61,0,0.5,510
16,20,25,2139.5,17.5,10.5,1017,236.5,5,14,61.5,0,0.5,567
16,25,30,1979,17.5,10,1017,248.5,6.5,14,61,0,0.5,498.5
16,30,35,1826,17.5,9.5,1017,286.5,2.5,17,61.5,0,0.5,491.5
16,35,40,1808.5,17.5,9,1016.5,315,2,17.5,61.5,0,0.5,488.5
16,40,45,1717.5,17.5,10,1016.5,270,4.5,17,62,0,0.5,472
16,45,50,1617.5,17.5,9.5,1016.5,273.5,4.5,15,62,0,0.5,473
16,50,55,1680.5,17.5,9.5,1016.5,265,5,14,62.5,0,0.5,476.5
16,55,60,1720.5,17.5,9.5,1016.5,251.5,2,12.5,62,0,0.5,512.5
17,0,5,1734.5,17.5,10.5,1016.5,295.5,14.5,14.5,62.5,0,0.5,483
17,5,10,1742,17.5,10,1016.5,312,10,17.5,63.5,0,0.5,529
17,10,15,1777.5,17.5,10,1016.5,278.5,1.5,15,63,0,0.5,571
17,15,20,1757.5,17,9,1016.5,269,6,15,62,0,0.5,534
17,20,25,1797.5,17,9.5,1016.5,272,3,15,62.5,0,0.5,474.5
17,25,30,1738,17,9.5,1016.5,318.5,3,14,62.5,0,0.5,455
17,30,35,1957.5,17.5,9.5,1016.5,312.5,4,13,62,0,0.5,417
17,35,40,1867.5,17.5,10,1016.5,285.5,4.5,11.5,62.5,0,0.5,392
17,40,45,1839,17.5,9,1016.5,302.5,6,8,61,0,0.5,401
17,45,50,1829,17.5,9.5,1016.5,250,2,13,62.5,0,0.5,371.5
17,50,55,1851.5,17.5,9,1017,289,2,10,61,0,0.5,378.5
17,55,60,1668.5,17.5,9,1016.5,262,6,11,60.5,0,0.5,382.5
18,0,5,1748.5,17.5,9,1016.5,288.5,8.5,14,60,0,0.5,435
18,5,10,1321.5,17.5,9,1017,270,2,13,61,0,0.5,289.5
18,10,15,1266,17,9,1017,294.5,5.5,11,60.5,0,0.5,281
18,15,20,1247,17.5,9,1017,294,1.5,7,61.5,0,0.5,268
18,20,25,1195.5,17,9.5,1017,268.5,3.5,4.5,61,0,0.5,284.5
18,25,30,1142.5,17,8.5,1017,267,2,9,60.5,0,0.5,254
18,30,35,1074.5,17,9,1017,288,1.5,11,61,0,0.5,239.5
18,35,40,1003.5,17,9,1017,274,7.5,10,61.5,0,0.5,223.5
18,40,45,918.5,17,9,1017,301,2,10,61.5,0,0.5,205
18,45,50,847,17,9,1017,268.5,4,10,62,0,0.5,195
18,50,55,800,17,9,1017,287,5.5,11,62,0,0.5,187.5
18,55,60,737.5,17,9,1017,296.5,5.5,11.5,62.5,0,0.5,174
19,0,5,716,17,9.5,1016.5,277.5,0.5,11,63,0,0.5,172
19,5,10,649.5,17,9.5,1016.5,323,3.5,9.5,63,0,0.5,153
19,10,15,582.5,17,9.5,1016.5,292.5,2,10.5,63,0,0.5,139
19,15,20,518,17,9,1016.5,268.5,3,11,63,0,0.5,125
19,20,25,460,17,9.5,1016.5,281.5,2,9,64,0,0.5,111.5
19,25,30,414.5,17,9.5,1016.5,271.5,2,6,64,0,0.5,102
19,30,35,370.5,17,9.5,1016.5,293,3,8.5,64.5,0,0.5,89
19,35,40,314,16.5,9.5,1016.5,285,4.5,4,64.5,0,0.5,75
19,40,45,266,16.5,9.5,1016.5,299.5,4.5,8.5,64,0,0.5,62.5
19,45,50,227.5,16.5,9.5,1016.5,288.5,3.5,8.5,64.5,0,0.5,51
19,50,55,192.5,16.5,9.5,1016.5,301,1.5,8.5,65.5,0,0.5,39.5
19,55,60,156.5,16.5,9.5,1016.5,297.5,2,8,66,0,0.5,30
20,0,5,135,16,9.5,1016.5,301,3,7.5,67,0,0.5,25.5
20,5,10,115.5,16,9.5,1016.5,288.5,1.5,8.5,68,0,0.5,19.5
20,10,15,92.5,16,9.5,1016.5,290,3.5,6.5,68.5,0,0.5,16
20,15,20,71.5,16,9.5,1016.5,331,3.5,6,69,0,0.5,11.5
20,20,25,54.5,16,10,1016.5,156,1.5,6.5,69.5,0,0.5,10
20,25,30,42.5,15.5,10,1016.5,322,1.5,5.5,70,0,0.5,6
20,30,35,22,15.5,10,1016.5,322.5,2,8,70,0,0.5,2.5
20,35,40,5.5,15.5,9.5,1016.5,314,4.5,6,70.5,0,0.5,0
20,40,45,0,15.5,10,1017,329.5,3,6,71,0,0.5,0
20,45,50,0,15.5,10,1017,335,4,4.5,71,0,0.5,0
20,50,55,0,15.5,10,1017,299,1.5,4.5,71,0,0.5,0
20,55,60,0,15.5,10,1017,316,3,4.5,71.5,0,0.5,0
21,0,5,0,15.5,10,1017,328.5,2,5.5,72,0,0.5,0
21,5,10,0,15.5,10,1017,320.5,3,4,72.5,0,0.5,0
21,10,15,0,15,10,1017,326.5,2,5.5,72.5,0,0.5,0
21,15,20,0,15,10,1017.5,324,3,6,72.5,0,0.5,0
21,20,25,0,15,10,1017.5,159.5,3,6.5,73,0,0.5,0
21,25,30,0,14.5,10,1017.5,337,4,4.5,73,0,0.5,0
21,30,35,0,14.5,10,1017.5,319.5,4.5,6,73.5,0,0.5,0
21,35,40,0,14.5,10,1017.5,325,1.5,6,73.5,0,0.5,0
21,40,45,0,14.5,10,1017.5,330,2,4,73.5,0,0.5,0
21,45,50,0,14.5,10,1017.5,334.5,2,4,73.5,0,0.5,0
21,50,55,0,14.5,10,1017.5,327,2,4,73.5,0,0.5,0
21,55,60,0,14.5,10,1017.5,321.5,0.5,3,74,0,0.5,0
22,0,5,0,14.5,10,1017.5,328.5,0.5,3,74,0,0.5,0
22,5,10,0,14.5,10,1017.5,313.5,1.5,4,74.5,0,0.5,0
22,10,15,0,14.5,10,1017.5,320.5,0.5,4,74.5,0,0.5,0
22,15,20,0,14.5,10,1017.5,313.5,2,4,74.5,0,0.5,0
22,20,25,0,14.5,10,1017.5,317.5,1.5,5.5,75.5,0,0.5,0
22,25,30,0,14.5,10,1017.5,313.5,0.5,2,75.5,0,0.5,0
22,30,35,0,14.5,10,1017.5,313,1.5,2,75.5,0,0.5,0
22,35,40,0,14.5,10,1017.5,307.5,1.5,3,75.5,0,0.5,0
22,40,45,0,14.5,10,1017.5,324,1.5,3,76,0,0.5,0
22,45,50,0,14.5,10,1017.5,313.5,1.5,4,76,0,0.5,0
22,50,55,0,14.5,10,1017.5,314.5,1.5,4,76,0,0.5,0
22,55,60,0,14.5,10,1017,159.5,2,4,77,0,0.5,0
23,0,5,0,14,10,1017,334.5,2,3,77,0,0.5,0
23,5,10,0,13.5,10,1017,330.5,2,6,77.5,0,0.5,0
23,10,15,0,13.5,10,1017.5,321.5,1.5,4.5,78,0,0.5,0
23,15,20,0,13.5,10,1017,312.5,1.5,4,78,0,0.5,0
23,20,25,0,13.5,10,1017,325,1.5,4,78.5,0,0.5,0
23,25,30,0,13.5,10,1017.5,325.5,2,4,79,0,0.5,0
23,30,35,0,13.5,10,1017.5,332.5,4.5,6,79,0,0.5,0
23,35,40,0,13.5,10,1017.5,329,1.5,6,79.5,0,0.5,0
23,40,45,0,13.5,10,1017.5,325,2,4.5,79.5,0,0.5,0
23,45,50,0,13.5,10,1017,326,4,4.5,79.5,0,0.5,0
23,50,55,0,13.5,10,1017,334.5,1.5,4,80,0,0.5,0
23,55,60,0,13.5,10,1017,321.5,0.5,3,79.5,0,0.5,0
0,0,5,0,6,5.5,509.5,160.5,1.5,2,45,0,0.5,0
0,5,10,0,0,0,0,0,0,0,0,0,0,0
0,10,15,0,6,5.5,510,170,2,3,45,0,0,0
0,15,20,0,6,5.5,510,170.5,2,4,45,0,0,0
0,20,25,0,6,5.5,510,4.5,0.5,4,45,0,0,0
0,25,30,0,6,5.5,510,169.5,3,4,45,0,0,0
0,30,35,0,6,5.5,510,168,0.5,3,45,0,0,0
0,35,40,0,6,5.5,510,166.5,2,4,45,0,0,0
0,40,45,0,6,5.5,510,167.5,1.5,4.5,45,0,0,0
0,45,50,0,6,5.5,510,177.5,4,4,45,0,0,0
0,50,55,0,6,5.5,510,170,0.5,4,45,0,0,0
0,55,60,0,6,5.5,510,167.5,0,3,45,0,0,0
1,0,5,0,6,5.5,510,177.5,2,2,45,0,0,0
1,5,10,0,6,5.5,510,175,2,3,45,0,0,0
1,10,15,0,6,5.5,509.5,172.5,0.5,4,45,0,0,0
1,15,20,0,6,5.5,509.5,171.5,0.5,4,45,0,0,0
1,20,25,0,6,5.5,509.5,175,0.5,2,45,0,0,0
1,25,30,0,6,5.5,509.5,165.5,2,2,45,0,0,0
1,30,35,0,6,5.5,509.5,177.5,2,4,45,0,0,0
1,35,40,0,6,5.5,509.5,170,4,4,45,0,0,0
1,40,45,0,6,5.5,509.5,173,2,4.5,45,0,0,0
1,45,50,0,6,5.5,509.5,167,1.5,3,45,0,0,0
1,50,55,0,6,5.5,509.5,173,3,4,45,0,0,0
1,55,60,0,6,5.5,509.5,166.5,1.5,3,45,0,0,0
2,0,5,0,6,5.5,509.5,170.5,2,3,45,0,0,0
2,5,10,0,6,5.5,509.5,170.5,1.5,3,45,0,0,0
2,10,15,0,6,5.5,509.5,170.5,2,3,45,0,0,0
2,15,20,0,6,5.5,509.5,174.5,1.5,2,45,0,0,0
2,20,25,0,6,5.5,509.5,173.5,0.5,3,45,0,0,0
2,25,30,0,6,5.5,509.5,168.5,0.5,3,45,0,0,0
2,30,35,0,6,5.5,509.5,168,0.5,2,45,0,0,0
2,35,40,0,6,5.5,509.5,168,0,2,45,0,0,0
2,40,45,0,6,5.5,509.5,175,2,2,45,0,0,0
2,45,50,0,6,5.5,509.5,172,1.5,2,45,0,0,0
2,50,55,0,6,5.5,509.5,173,1.5,3,45,0,0,0
2,55,60,0,6,5.5,509.5,172,1.5,3,45,0,0,0
3,0,5,0,6,5.5,509.5,172,0.5,3,45,0,0,0
3,5,10,0,6,5.5,509.5,172,0.5,3,45,0,0,0
3,10,15,0,6,5.5,509.5,177.5,0.5,2,45,0,0,0
3,15,20,0,6,5.5,509.5,177.5,1.5,2,45,0,0,0
3,20,25,0,6,5.5,509.5,177.5,1.5,2,45,0,0,0
3,25,30,0,6,5.5,509.5,177.5,0,1.5,45,0,0,0
3,30,35,0,6,5.5,509.5,177.5,0,1.5,45,0,0,0
3,35,40,0,6,5.5,509.5,177.5,0,0.5,45,0,0,0
3,40,45,0,6.5,5.5,509.5,177.5,0,1.5,45,0,0,0
3,45,50,0,6.5,5.5,509.5,177.5,0.5,0.5,45,0,0,0
3,50,55,0,6.5,5.5,509.5,177.5,0.5,1.5,45,0,0,0
3,55,60,0,6.5,5.5,509.5,175.5,1.5,1.5,45.5,0,0,0
4,0,5,0,6,5.5,509.5,173,1.5,2,45.5,0,0,0
4,5,10,0,6,5.5,509.5,173,0.5,3,45.5,0,0,0
4,10,15,0,6,5.5,509.5,177.5,1.5,1.5,45.5,0,0,0
4,15,20,0,6,5.5,509.5,173,0.5,1.5,45.5,0,0,0
4,20,25,0,6,5.5,509.5,170.5,0,2,45.5,0,0,0
4,25,30,0,6,5.5,509.5,173,0.5,3,45.5,0,0,0
4,30,35,0,6,5.5,509.5,177.5,0.5,2,45.5,0,0,0
4,35,40,0,6,5.5,509.5,177.5,0,2,45.5,0,0,0
4,40,45,0,6,5.5,509.5,177.5,0,1.5,45.5,0,0,0
4,45,50,0,6,5.5,509.5,174,0.5,2,45.5,0,0,0
4,50,55,0,6,5.5,509.5,173,0.5,3,45.5,0,0,0
4,55,60,0,6,5.5,509,173,0.5,2,45.5,0,0,0
5,0,5,0,6,5.5,509,173,0,1.5,46,0,0,0
5,5,10,0,6,5.5,509,173,0,0.5,46,0,0,0
5,10,15,0,6,5.5,509,173,0.5,1.5,46,0,0,0
5,15,20,0,6,5.5,509,173,0,1.5,46,0,0,0
5,20,25,0,6,5.5,509,173,0.5,0.5,46,0,0,0
5,25,30,0,6,5.5,509,173,0,0.5,46,0,0,0
5,30,35,0,6,5.5,509,173,0,0.5,46,0,0,0
5,35,40,0,6,5.5,509,173,0.5,0.5,46.5,0,0,0
5,40,45,0,6,5.5,509,173,1.5,1.5,46,0,0,0
5,45,50,0,6,5.5,509,173,0.5,1.5,46,0,0,0
5,50,55,0,6,5.5,509,173,0,2,46.5,0,0,0
5,55,60,0,6,5.5,509,173,0.5,1.5,46.5,0,0,0
6,0,5,0,6,5.5,509,173,0.5,1.5,46.5,0,0,0
6,5,10,0,6,5.5,509,173,0,1.5,46.5,0,0,0
6,10,15,0,6,5.5,509,173,1.5,1.5,46.5,0,0,0
6,15,20,0,6,5.5,509,177.5,1.5,1.5,46.5,0,0,0
6,20,25,0,6,5.5,509,173.5,1.5,2,46.5,0,0,0
6,25,30,0,6,5.5,509,165.5,0,3,46.5,0,0,0
6,30,35,0,6,5.5,509,165.5,0,3,46.5,0,0,0
6,35,40,0,6,5.5,509,11.5,0.5,1.5,46.5,0,0,0
6,40,45,20.5,6,5.5,509,11.5,1.5,2,46.5,0,0,0
6,45,50,32.5,6,5.5,509,11.5,1.5,1.5,47,0,0,0
6,50,55,68,6,5.5,509,11.5,1.5,2,47,0,0,3.5
6,55,60,85,6,5.5,509,11.5,0.5,1.5,47,0,0,5.5
7,0,5,97,6,5.5,509,11.5,0.5,1.5,47,0,0,5.5
7,5,10,116,6,5.5,509,11.5,0,1.5,47,0,0,5.5
7,10,15,125.5,6,5.5,509,11.5,0.5,1.5,47,0,0,6
7,15,20,136,6,5.5,509,11.5,1.5,1.5,47,0,0,7
7,20,25,195,6,5.5,509,167.5,1.5,1.5,47,0,0,8
7,25,30,251.5,6,5.5,509,168,0.5,2,47,0,0,7
7,30,35,314.5,6,6,509,168,1.5,2,47,0,0,9.5
7,35,40,371.5,6,6,509,169,0.5,3,47,0,0,15
7,40,45,434.5,6,6,509,169,0,2,47,0,0,19.5
7,45,50,482,6,6,509,169,0.5,1.5,47,0,0,23.5
7,50,55,505.5,6,6,509,169,0.5,2,47,0,0,29
7,55,60,558.5,6.5,6,509,172,1.5,1.5,47,0,0,34.5
8,0,5,568.5,6,6,509,169,0.5,2,47,0,0,30
8,5,10,611.5,6.5,6,509,171,0.5,3,47,0,0,33.5
8,10,15,574,6,6,509,4.5,1.5,4.5,47,0,0,28
8,15,20,562,6.5,6,509,166.5,3,4.5,47,0,0,24.5
8,20,25,540.5,6.5,6,509,2.5,2,4,47,0,0,23.5
8,25,30,619.5,6.5,6,509,172,1.5,3,47,0,0,21
8,30,35,753.5,6.5,6,509,170.5,3,4.5,47,0,0,35
8,35,40,975,6.5,6,509,163.5,3,6,47,0,0,54.5
8,40,45,979,6.5,6,509,168,1.5,6,47,0,0,72
8,45,50,735,6.5,6,509.5,169,2,4.5,47,0,0,52
8,50,55,988.5,6.5,6,509.5,177.5,2,6,47,0,0,62.5
8,55,60,885.5,6.5,6,509.5,175,2,7,46.5,0,0,88
9,0,5,810,6.5,6,509.5,168,4,7,46.5,0,0,96.5
9,5,10,717.5,6.5,6,509.5,177.5,4,6,46.5,0,0,163.5
9,10,15,880,6.5,6,509.5,166.5,3,6,45.5,0,0,71
9,15,20,1030.5,6.5,6,509.5,180,4,8,45.5,0,0,64
9,20,25,1158,6.5,6,509.5,158.5,4,6,45.5,0,0,117
9,25,30,1122.5,6.5,6,509.5,164,4.5,7,45.5,0,0,70.5
9,30,35,1301,6.5,6,509.5,168.5,0.5,7,45,0,0,85.5
9,35,40,1506,7,6,509.5,177.5,2,5.5,45.5,0,0,90.5
9,40,45,1684.5,7,6,509.5,162.5,7,7,45,0,0,90.5
9,45,50,1842.5,7,6,509,169.5,0.5,8.5,45,0,0,103.5
9,50,55,1818.5,7,6,509,2.5,1.5,7,45,0,0,77.5
9,55,60,1839.5,7,6,509,163,2,7,44.5,0,0,76.5
10,0,5,2250.5,7,6,509,165.5,3,5.5,44.5,0,0,104.5
10,5,10,2138,7,6,509,158.5,1.5,6,44.5,0,0,104.5
10,10,15,2831.5,7,6,509,167.5,0.5,4,44.5,0,0,161.5
10,15,20,2753,7,6,509,177.5,3,4,44,0,0,160
10,20,25,2164,7,6,509,180,2,5.5,43.5,0,0,73
10,25,30,2389.5,7,6,509,169,2,6,43,0,0,72
10,30,35,2633,7,6,509,173,1.5,5.5,42.5,0,0,88
10,35,40,3398.5,7.5,6,509,180,3,6,41.5,0,0,96
10,40,45,3850.5,7.5,6,509,4.5,1.5,6,41.5,0,0,338.5
10,45,50,3251.5,7.5,6,509,154.5,1.5,4.5,40.5,0,0,350.5
10,50,55,3423,7.5,6,509,142,1.5,6,40.5,0,0,109
10,55,60,3742,7.5,6,509,9.5,2,4.5,40,0,0,349
11,0,5,2739,7.5,6,509,158.5,0.5,4,40,0,0,90.5
11,5,10,4529.5,8,5.5,509,22,0.5,4,38,0,0,99.5
11,10,15,4425,8,6,509,172,6,6,38,0,0,367.5
11,15,20,3973,8,5.5,509,161.5,2,8.5,36.5,0,0,386
11,20,25,4447.5,8.5,6,509,17,1.5,9.5,36,0,0,364
11,25,30,4283,8.5,6,509,15,3,4,36,0,0,364.5
11,30,35,4585,8.5,6,509,143,4.5,8,36,0,0,356
11,35,40,4425.5,8.5,6,509,157.5,4,4.5,36,0,0,324.5
11,40,45,4737,8.5,5.5,509,177.5,4.5,6,34.5,0,0,255
11,45,50,4994.5,8.5,5.5,509,18.5,2,9.5,34.5,0,0,369
11,50,55,2503.5,8.5,5.5,509,2.5,1.5,9.5,34.5,0,0,378
11,55,60,2551,8.5,5.5,509,180,3,6,34,0,0,372
12,0,5,2605.5,8.5,5.5,508.5,177.5,0.5,6,34,0,0,387.5
12,5,10,1328,9,5.5,508.5,165,4.5,7,33,0,0,364.5
12,10,15,2309,9,5.5,508.5,159,2,10,33,0,0,364.5
12,15,20,2778,9,5.5,508.5,2.5,4.5,10,33,0,0,424.5
12,20,25,802,8.5,6,508.5,161.5,2,11,36,0,0,127.5
12,25,30,669.5,8.5,6,508.5,153.5,6,12,36.5,0,0,103.5
12,30,35,2600.5,8.5,6,508.5,170.5,4,12,37,0,0,378
12,35,40,2280,8.5,6,508.5,152,3,8,36.5,0,0,386.5
12,40,45,1954,8.5,6,508.5,162.5,7,8.5,36,0,0,162.5
12,45,50,1801,8.5,6,508.5,143,2,8,36.5,0,0,467.5
12,50,55,942.5,8.5,6,508.5,143.5,6,9.5,35.5,0,0,249.5
12,55,60,1997.5,8.5,6,508.5,161,4.5,10,35.5,0,0,157.5
13,0,5,2397.5,8.5,6,508.5,140.5,4.5,13.5,35.5,0,0,412
13,5,10,1135,8.5,6,508.5,158.5,3,13.5,35,0,0,165
13,10,15,1164,8.5,5.5,508.5,150.5,4,10,34.5,0,0,162.5
13,15,20,1713,8.5,5.5,508.5,166,12,12.5,33.5,0,0,158
13,20,25,2241,8.5,5.5,508.5,169.5,3,14.5,33.5,0,0,174
13,25,30,2586,8.5,5.5,508.5,180,2,12.5,33,0,0,202
13,30,35,2607,9,5.5,508.5,8,5.5,11,31.5,0,0,442
13,35,40,2203.5,9,5,508.5,170.5,9,12,28.5,0,0,454.5
13,40,45,2564.5,9,5.5,508.5,153.5,7,14.5,30.5,0,0,413
13,45,50,2900.5,9,5,508,6.5,9.5,12,29.5,0,0,476.5
13,50,55,2522,9,5,508,180,6,12.5,30.5,0,0,459
13,55,60,2772.5,9,5,508,156.5,8,13.5,30.5,0,0,485
14,0,5,2504.5,9,5.5,508,135.5,8.5,12.5,31.5,0,0,522
14,5,10,2658,9,5.5,508,162.5,4.5,11,31,0,0,481
14,10,15,2670,9,5,508,147.5,7,10,30.5,0,0,479
14,15,20,2395.5,9,5,508,155,8,14.5,31,0,0,370
14,20,25,3849,9,5.5,508,133.5,8,13.5,31.5,0,0,390
14,25,30,4353.5,9,5,508,148,7,14.5,31,0,0,370
14,30,35,4398.5,9,5,508,161,12,13.5,31.5,0,0,473
14,35,40,4225.5,9,5,508,148,9.5,12,31,0,0,493
14,40,45,4172.5,9,5,508,180,9.5,15,30,0,0,458
14,45,50,3858,9,5,508,133,3,16,29.5,0,0,436
14,50,55,3695.5,9,5,508,153,12,20.5,29,0,0,428
14,55,60,3627,9,5,508,160.5,4.5,20.5,30,0,0,419
15,0,5,3554.5,9,5,508,175.5,2,12,29.5,0,0,423
15,5,10,3415,9,5,508,172,6,11,29,0,0,414
15,10,15,3390,9,5,508,138.5,5.5,16,28.5,0,0,411.5
15,15,20,3359,9,5,508,133,7,13.5,29,0,0,409.5
15,20,25,3093.5,9,4.5,508,162,16.5,16.5,29,0,0,402.5
15,25,30,3021,9,5,508,143,6,16.5,30,0,0,398
15,30,35,2839,9,5,508,149,3,13.5,30.5,0,0,393
15,35,40,2658.5,9,5,508,173,8,15,30,0,0,390
15,40,45,2768,9,5,508,167,6,12.5,30,0,0,384
15,45,50,2686.5,9,5,508,154.5,8.5,13.5,30,0,0,378
15,50,55,2522.5,9,5,508,131.5,8.5,14.5,31,0,0,374.5
15,55,60,2454,8.5,5,508,116,3,15,31.5,0,0,370
16,0,5,2443.5,9,5,508,157.5,9.5,13.5,30,0,0,364
16,5,10,2385,9,5,508,135.5,8.5,13.5,29.5,0,0,360.5
16,10,15,2311,9,5.5,508,160.5,8,12,30,0,0,358.5
16,15,20,2218,9.5,5,507.5,175.5,2,12,28.5,0,0,345.5
16,20,25,1977.5,9,5,507.5,137.5,3,12,29.5,0,0,344.5
16,25,30,1842,9.5,5.5,507.5,159.5,4,11,29.5,0,0,335.5
16,30,35,1610.5,9.5,5.5,507.5,163.5,6,8,29,0,0,330.5
16,35,40,1629,9.5,5,507.5,137.5,8.5,13.5,29.5,0,0,326
16,40,45,1558.5,9.5,5.5,507.5,132.5,8.5,14.5,30,0,0,325
16,45,50,1464.5,9.5,5.5,507.5,149,6,10,29.5,0,0,317.5
16,50,55,1580.5,9.5,5.5,507.5,154,9.5,9.5,29,0,0,309.5
16,55,60,1901,9.5,5,507.5,129,6,13.5,28,0,0,303
17,0,5,1846,9.5,5.5,507.5,151,7,11,29,0,0,296
17,5,10,1667,9.5,5.5,507.5,140,8.5,11,29.5,0,0,286.5
17,10,15,1642.5,9.5,5.5,507.5,148,8,12.5,30,0,0,284
17,15,20,1660.5,9.5,5.5,507.5,166.5,8,12.5,29.5,0,0,276
17,20,25,1655,9.5,5,507.5,157,4,13.5,28.5,0,0,265.5
17,25,30,1704,9.5,5.5,507.5,157,7,14.5,29,0,0,258.5
17,30,35,2202.5,9.5,5.5,507.5,160,8,11,29.5,0,0,250.5
17,35,40,2238.5,9.5,5.5,507.5,164.5,10,10,29.5,0,0,243.5
17,40,45,2098,9.5,5.5,507.5,131,7,11,30,0,0,236.5
17,45,50,1881.5,9.5,5.5,507.5,130,4.5,10,29.5,0,0,231
17,50,55,1640.5,9.5,5,507.5,152,4,14.5,29,0,0,220.5
17,55,60,1634,9.5,5.5,507.5,139.5,5.5,13.5,29.5,0,0,212
18,0,5,1610.5,9,5.5,507.5,129.5,8,17.5,30,0,0,208.5
18,5,10,1537,9,5,507.5,151,7,12.5,29.5,0,0,199.5
18,10,15,1438.5,9,5,507.5,156.5,3,13.5,29.5,0,0,192.5
18,15,20,1368.5,9,5,507.5,129.5,7,12.5,29.5,0,0,183.5
18,20,25,1338,9.5,5,507.5,172,12.5,15,28,0,0,176.5
18,25,30,1252,9.5,5,507.5,166,8.5,15,27.5,0,0,173
18,30,35,1146,9.5,5,507.5,166.5,9.5,14.5,28,0,0,163.5
18,35,40,1072,9.5,5,507.5,180,8.5,12.5,28.5,0,0,158
18,40,45,980.5,9.5,5,507.5,7.5,9.5,12,28.5,0,0,147
18,45,50,864.5,9.5,5,507.5,2.5,2,13.5,29,0,0,139
18,50,55,765,9,5,507.5,175,8.5,15,29.5,0,0,132
18,55,60,676,9,5,507.5,168,12,13.5,29.5,0,0,122
19,0,5,586,9,5,507.5,151,7,13.5,29.5,0,0,112.5
19,5,10,552.5,9,5,507.5,169,4.5,12,29.5,0,0,102
19,10,15,519,9,5,507.5,7.5,2,13.5,30,0,0,88
19,15,20,472,9,5,507.5,158,9.5,13.5,30,0,0,84.5
19,20,25,433,9,5,507.5,160.5,6,12.5,30.5,0,0,65
19,25,30,405,9,5,507.5,161.5,6,10,30.5,0,0,70.5
19,30,35,361.5,9,5,507.5,177.5,6,9.5,30.5,0,0,61.5
19,35,40,336,9,5,507.5,171.5,4.5,12.5,30.5,0,0,57
19,40,45,296.5,9,5,507.5,177.5,4.5,10,30.5,0,0,52.5
19,45,50,264.5,9,5,507.5,9.5,7,11,30.5,0,0,47.5
19,50,55,228,9,5,507.5,156.5,6,12.5,31,0,0,39.5
19,55,60,187.5,8.5,5,507,7,5.5,12,31,0,0,33.5
20,0,5,156.5,8.5,5,507.5,165.5,8,11,30.5,0,0,27
20,5,10,131.5,8.5,5,507.5,2.5,4.5,12,30.5,0,0,21
20,10,15,110,8.5,5,507.5,174.5,6,14.5,30.5,0,0,15
20,15,20,89.5,8.5,5,507.5,164.5,9.5,13.5,31,0,0,13
20,20,25,68,8.5,5,507.5,174,7,12.5,31,0,0,10.5
20,25,30,49,8.5,5,507.5,177.5,3,11,31.5,0,0,8
20,30,35,24.5,8.5,5,507.5,167.5,4.5,11,31.5,0,0,5.5
20,35,40,17.5,8.5,5,507.5,164,6,12,31.5,0,0,3.5
20,40,45,11,8.5,5,507.5,180,6,9.5,31.5,0,0,2.5
20,45,50,0,8.5,5,507.5,148,6,11,31,0,0,0
20,50,55,0,8.5,5,507.5,177.5,4.5,12.5,31,0,0,0
20,55,60,0,8.5,4.5,507.5,177.5,8,12.5,30,0,0,0
21,0,5,0,8.5,4.5,507.5,180,7,13.5,30.5,0,0,0
21,5,10,0,8.5,4.5,507.5,175,8,11,31,0,0,0
21,10,15,0,8,4.5,507.5,168,9.5,12,31,0,0,0
21,15,20,0,8,4.5,507.5,166.5,7,9.5,31.5,0,0,0
21,20,25,0,8,4.5,507.5,165.5,7,10,31.5,0,0,0
21,25,30,0,8,4.5,507.5,174,7,9.5,31.5,0,0,0
21,30,35,0,8,4.5,507.5,173.5,7,9.5,31.5,0,0,0
21,35,40,0,8,4.5,507.5,157.5,6,9.5,31.5,0,0,0
21,40,45,0,8,4.5,507.5,177.5,4.5,9.5,32,0,0,0
21,45,50,0,8,4.5,507.5,174,4.5,8,32,0,0,0
21,50,55,0,8,4.5,507.5,173,4.5,8.5,32,0,0,0
21,55,60,0,8,4,507.5,171,3,8.5,31.5,0,0,0
22,0,5,0,8,4.5,507.5,172,2,8,32,0,0,0
22,5,10,0,7.5,4,507.5,173.5,4,6,32,0,0,0
22,10,15,0,7.5,4.5,507.5,168,2,6,32.5,0,0,0
22,15,20,0,7.5,4.5,507.5,162.5,4,5.5,33,0,0,0
22,20,25,0,7.5,4.5,507.5,149,1.5,8,33,0,0,0
22,25,30,0,7.5,4.5,507.5,2.5,4.5,7,33.5,0,0,0
22,30,35,0,7.5,4.5,508,164.5,2,6,33.5,0,0,0
22,35,40,0,7.5,4,507.5,173.5,4,6,33,0,0,0
22,40,45,0,7.5,4,508,166,4,6,33,0,0,0
22,45,50,0,7.5,4,507.5,174.5,4,7,32.5,0,0,0
22,50,55,0,7.5,4,507.5,165,3,7,31.5,0,0,0
22,55,60,0,7.5,4,508,175,4,7,31.5,0,0,0
23,0,5,0,7.5,4,507.5,170,4.5,7,31,0,0,0
23,5,10,0,7.5,4,507.5,172,3,7,31,0,0,0
23,10,15,0,7.5,3.5,507.5,170,2,8,30.5,0,0,0
23,15,20,0,7.5,3.5,507.5,5.5,6,7,30.5,0,0,0
23,20,25,0,7.5,3.5,507.5,170,4.5,6,31,0,0,0
23,25,30,0,7.5,3.5,507.5,170,4,7,30.5,0,0,0
23,30,35,0,7.5,3.5,507.5,165.5,3,8,30.5,0,0,0
23,35,40,0,7.5,3.5,507.5,177.5,3,6,30.5,0,0,0
23,40,45,0,7.5,3.5,507.5,164,3,6,30.5,0,0,0
23,45,50,0,7.5,3.5,507.5,8.5,3,4.5,30.5,0,0,0
23,50,55,0,7.5,3.5,507.5,5,4,7,30.5,0,0,0
23,55,60,0,7.5,3.5,507.5,23,5.5,6,30.5,0,0,0
0,0,5,0,7.5,3.5,507.5,22,5.5,7,30.5,0,0,0
0,5,10,0,0,0,0,0,0,0,0,0,0,0
0,10,15,0,17.5,8,1011,47,3,8,54,0,0,0
0,15,20,0,17.5,8.5,1011,214.5,3,8.5,55,0,0,0
0,20,25,0,17.5,8.5,1011,52.5,3,9.5,55.5,0,0,0
0,25,30,0,17,8.5,1011,37,1.5,8,56.5,0,0,0
0,30,35,0,17,8.5,1011,229,6.5,7,57,0,0,0
0,35,40,0,17,8.5,1011,72.5,7.5,11.5,56.5,0,0,0
0,40,45,0,17,8.5,1011,242.5,3.5,12.5,57,0,0,0
0,45,50,0,17,8.5,1010.5,83.5,1.5,10,57.5,0,0,0
0,50,55,0,17,8.5,1011,74,0.5,10,58.5,0,0,0
0,55,60,0,17,8.5,1011,78,0,6,59,0,0,0
1,0,5,0,17,8.5,1010.5,77.5,1.5,2,59.5,0,0,0
1,5,10,0,16.5,8.5,1010.5,79.5,0.5,3,60,0,0,0
1,10,15,0,16.5,8.5,1010.5,96,3,5,60,0,0,0
1,15,20,0,16.5,8.5,1010.5,87,3.5,8.5,60,0,0,0
1,20,25,0,17,8.5,1010.5,87,4,7.5,60,0,0,0
1,25,30,0,17,9,1010.5,81,3,10.5,59.5,0,0,0
1,30,35,0,17,9,1010.5,91,2.5,9,60,0,0,0
1,35,40,0,17,9,1010.5,99,1.5,7.5,60,0,0,0
1,40,45,0,17,8.5,1010.5,105,3.5,6,60,0,0,0
1,45,50,0,17,8.5,1010.5,89,5,9.5,59.5,0,0,0
1,50,55,0,17,9,1010,107.5,3,11.5,59,0,0,0
1,55,60,0,17,9,1010,105,3.5,10,58.5,0,0,0
2,0,5,0,17,9,1010,100,2,10,59,0,0,0
2,5,10,0,17,9,1010,90,5,7.5,59.5,0,0,0
2,10,15,0,17.5,9,1010,106,7.5,10,58.5,0,0,0
2,15,20,0,17.5,9,1010,101.5,3,15.5,58,0,0,0
2,20,25,0,17.5,9,1010,104.5,3,14.5,58.5,0,0,0
2,25,30,0,17.5,9,1010,101.5,7,11.5,58,0,0,0
2,30,35,0,17.5,9,1010,104,0.5,12,58.5,0,0,0
2,35,40,0,17,9,1010,114,1.5,11.5,59,0,0,0
2,40,45,0,17,9,1010,116,4,4.5,59,0,0,0
2,45,50,0,17,9,1010,104,2,7.5,59.5,0,0,0
2,50,55,0,17,9,1010,107.5,1.5,4.5,59.5,0,0,0
2,55,60,0,17,9,1010,124.5,6,9,59,0,0,0
3,0,5,0,17,9,1010,118,3.5,8.5,59.5,0,0,0
3,5,10,0,17,9,1010,99.5,4.5,12,59,0,0,0
3,10,15,0,17,9,1010,115,1.5,12.5,59.5,0,0,0
3,15,20,0,17,9,1010,119,3.5,9.5,59,0,0,0
3,20,25,0,17,8.5,1010,131.5,3,14,58.5,0,0,0
3,25,30,0,17,9,1010,123.5,1.5,14,58.5,0,0,0
3,30,35,0,17,9,1010,124,0,10.5,58,0,0,0
3,35,40,0,17,8.5,1010,116,0.5,8,58,0,0,0
3,40,45,0,17,8.5,1010.5,120,2.5,8.5,58,0,0,0
3,45,50,0,16.5,8,1010.5,85,0.5,11.5,58.5,0,0,0
3,50,55,0,16.5,8.5,1010,93.5,4.5,12.5,59,0,0,0
3,55,60,0,16.5,8.5,1010.5,107,6,8.5,59.5,0,0,0
4,0,5,0,16.5,8.5,1010.5,130,6,11,60,0,0,0
4,5,10,0,16.5,8.5,1010.5,112,8.5,13.5,61,0,0,0
4,10,15,0,16.5,8.5,1010.5,109,5,12.5,62,0,0,0
4,15,20,0,16,8.5,1010.5,125.5,4.5,10.5,62.5,0,0,0
4,20,25,0,15.5,8.5,1010.5,115,7,13,63,0,0,0
4,25,30,0,15.5,9,1010.5,131,8.5,13,64,0,0,0
4,30,35,0,15.5,9,1010.5,120,3.5,11.5,65.5,0,0,0
4,35,40,0,15.5,9,1010.5,118,1.5,11.5,66,0,0,0
4,40,45,0,15,9,1010.5,135.5,1.5,11.5,66.5,0,0,0
4,45,50,0,15,9,1010.5,136,1.5,11.5,67.5,0,0,0
4,50,55,0,15,9,1010.5,153,3,3,67,0,0,0
4,55,60,0,15,8.5,1010.5,216,1.5,9,67,0,0,0
5,0,5,0,15,8.5,1010.5,135.5,1.5,10,67,0,0,0
5,5,10,0,15,8.5,1010.5,133,5.5,11.5,67,0,0,0
5,10,15,0,15,8.5,1010.5,148.5,5.5,7,66.5,0,0,0
5,15,20,0,15,8.5,1010.5,93.5,3,9.5,66.5,0,0,0
5,20,25,0,15,8,1010.5,147,4,12.5,66,0,0,0
5,25,30,0,15,8,1010.5,142.5,4,11,66,0,0,0
5,30,35,0,14.5,8,1010.5,139.5,5.5,9.5,66,0,0,0
5,35,40,0,14.5,8,1010.5,131.5,5.5,10,66.5,0,0,0
5,40,45,0,14.5,7.5,1010,126.5,8,8,66,0,0,0
5,45,50,0,14.5,7.5,1010,120.5,1.5,13,65.5,0,0,0
5,50,55,0,14,7.5,1010.5,160,2,10.5,66,0,0,0
5,55,60,0,14,8,1010.5,110,0.5,11,66.5,0,0,0
6,0,5,0,14,7.5,1010.5,117,7,8,66.5,0,0,0
6,5,10,0,14,7.5,1010.5,120.5,10,12,66.5,0,0,0
6,10,15,0,14,7.5,1010.5,116,4,11.5,66,0,0,0
6,15,20,0,14,7.5,1010.5,146.5,7,13.5,66,0,0,0
6,20,25,0,14,7.5,1010.5,124,3,15.5,66,0,0,0
6,25,30,0,14,7.5,1010.5,116.5,15.5,17,66,0,0,0
6,30,35,0,14,7.5,1010.5,116,11,21,65.5,0,0,0
6,35,40,3.5,14,7.5,1010.5,105.5,4,23,65,0,0,3.5
6,40,45,48,14,7.5,1010.5,120,7,17,65.5,0,0,9
6,45,50,72.5,14,7.5,1010.5,115.5,0.5,15.5,65.5,0,0,12.5
6,50,55,91.5,14,7.5,1010.5,129,5.5,12,65,0,0,16.5
6,55,60,108,14,7.5,1010.5,143,5.5,9.5,65,0,0,20
7,0,5,124.5,14,7.5,1010.5,104,2.5,11,65.5,0,0,23.5
7,5,10,149,14,7.5,1010.5,119,3,12.5,65,0,0,28
7,10,15,202.5,14.5,7.5,1010.5,119.5,4,9.5,65,0,0,37.5
7,15,20,244.5,14.5,7,1010.5,131,5.5,10,64,0,0,46
7,20,25,287.5,14.5,7.5,1010.5,138.5,1.5,12.5,64,0,0,55.5
7,25,30,357,14.5,7.5,1010.5,144.5,4,8.5,64,0,0,65
7,30,35,384.5,14.5,7,1010.5,132.5,5.5,8,62.5,0,0,75.5
7,35,40,440.5,14.5,7.5,1010.5,120,7,9.5,63,0,0,87
7,40,45,533,14.5,7,1010.5,95.5,4.5,8.5,62,0,0,96
7,45,50,540.5,14.5,7,1010.5,101.5,9,12.5,61,0,0,107
7,50,55,536,15,7,1010.5,121,3.5,14.5,61,0,0,122.5
7,55,60,603,15,7,1010.5,111.5,5.5,12.5,60,0,0,136
8,0,5,685.5,15.5,7.5,1010.5,122,2.5,10,60.5,0,0,147.5
8,5,10,748.5,15.5,7,1011,101.5,5,8.5,60,0,0,164.5
8,10,15,726,15.5,7,1011,103.5,2,9,60,0,0,167
8,15,20,668.5,15.5,7,1011,90,6,13,60,0,0,166
8,20,25,562,15.5,7,1011,127,6,11,60,0,0,161.5
8,25,30,641.5,15.5,7,1011,109,6,10,59.5,0,0,173.5
8,30,35,758,15,7.5,1011,70,3.5,13,60.5,0,0,185.5
8,35,40,831,15,7.5,1011,109.5,2,15,61,0,0,198
8,40,45,898,15,7,1011,110.5,6,10,60.5,0,0,220
8,45,50,846.5,15,7.5,1011,96,7,14,60.5,0,0,236.5
8,50,55,871,15.5,7.5,1011,97,4.5,11.5,60,0,0,246
8,55,60,809,15.5,8,1011,116,5,11,60.5,0,0,262
9,0,5,738,16,8,1011,117,7.5,9,60.5,0,0,288.5
9,5,10,988.5,16,8,1011,78.5,3,10,60.5,0,0,331.5
9,10,15,1305.5,16,8,1011,151,3.5,10,60,0,0,360.5
9,15,20,1439.5,16,8,1011,103.5,9,15.5,59,0,0,423.5
9,20,25,1533.5,16.5,8,1011,127.5,4,14,58.5,0,0,447.5
9,25,30,1415.5,16.5,8,1011,105,3,15.5,57.5,0,0,402.5
9,30,35,1600.5,16.5,8,1011,86,3,12.5,56.5,0,0,381.5
9,35,40,1707.5,17,8,1011,98,4.5,15.5,56.5,0,0,376.5
9,40,45,1850.5,17,8,1010.5,139.5,4.5,13,56.5,0,0,384
9,45,50,2033.5,17,8,1011,98.5,8.5,14,57,0,0,412.5
9,50,55,2520,17,8,1010.5,120.5,8.5,15.5,56.5,0,0,459
9,55,60,2676,17.5,8.5,1010.5,93.5,3,17,57,0,0,486
10,0,5,2956.5,17.5,8,1010.5,94,11.5,16.5,55.5,0,0,519.5
10,5,10,2887.5,17.5,8.5,1011,107.5,3,16,55,0,0,493
10,10,15,2903.5,18,8,1010.5,94,6,14,53.5,0,0,488.5
10,15,20,3070.5,18,8.5,1010.5,100,5,16.5,53.5,0,0,516
10,20,25,3124,18.5,8.5,1010.5,65,1.5,13,53.5,0,0,518.5
10,25,30,3288,18.5,8.5,1010.5,119,4,14.5,53.5,0,0,553.5
10,30,35,3617.5,19,9,1010.5,128,1.5,17.5,52.5,0,0,607.5
10,35,40,3807.5,19,8.5,1010.5,98.5,3,7,51,0,0,626
10,40,45,4006.5,19,8.5,1010.5,88.5,4.5,12,50,0,0,668
10,45,50,4044,19.5,8,1010.5,102,3,14,48.5,0,0,674
10,50,55,4121.5,19.5,8,1010.5,80,5.5,15,48,0,0,691.5
10,55,60,4327,20,8,1010.5,83,4,13,47,0,0,678.5
11,0,5,4421,20.5,7.5,1010.5,106.5,6,16.5,45.5,0,0,718
11,5,10,4255,20.5,8,1010.5,103,3.5,20.5,45.5,0,0,682
11,10,15,4095.5,20.5,8.5,1010.5,76,2,16.5,46.5,0,0,634
11,15,20,4547.5,20.5,8.5,1010.5,80.5,3,14.5,47.5,0,0,744.5
11,20,25,4563,21,9.5,1010.5,72,4,14.5,47.5,0,0,737.5
11,25,30,4845.5,21,8.5,1010,53,4.5,11,46,0,0,778
11,30,35,4878,21,8.5,1010,98.5,8.5,14.5,45.5,0,0,776
11,35,40,4961.5,21,8.5,1010,110,5.5,15,45.5,0,0,743.5
11,40,45,5247,21.5,8.5,1010,90.5,3,13.5,45,0,0,829
11,45,50,5330.5,21.5,8.5,1010,95,7,12.5,44,0,0,833.5
11,50,55,4858.5,21.5,8.5,1010,107,10,15.5,44,0,0,724.5
11,55,60,4860,21.5,8,1010,62.5,4,17,43.5,0,0,699.5
12,0,5,4381,22,8.5,1010,121.5,7,17.5,43,0,0,627.5
12,5,10,4148.5,22,8.5,1010,101,6,14,42,0,0,649
12,10,15,4523.5,22,8,1010,135.5,3.5,15,41,0,0,733
12,15,20,4718.5,22,8.5,1010,153.5,3.5,15,41.5,0,0,750.5
12,20,25,2803,22,7.5,1010,129.5,6,14,40.5,0,0,726
12,25,30,2808.5,21.5,7.5,1010,299.5,7,15.5,41.5,0,0,700
12,30,35,2819.5,21,7.5,1010,132.5,4.5,18,43,0,0,720.5
12,35,40,2817.5,21,8.5,1010,264,11,16.5,44.5,0,0,810.5
12,40,45,2845,21,8,1009.5,126,3,17,44,0,0,800.5
12,45,50,2826,21,8.5,1009.5,131.5,5,16.5,45.5,0,0,803
12,50,55,2809.5,21,8.5,1009.5,284,6,19,45,0,0,758.5
12,55,60,2808,20.5,8,1009.5,117,9.5,19,45.5,0,0,831.5
13,0,5,2806.5,21,8.5,1009.5,124,6,20.5,45,0,0,801
13,5,10,2817,20.5,8,1009.5,270,20.5,24.5,45.5,0,0,805
13,10,15,2818.5,20.5,8,1009.5,101,8.5,23,47,0,0,762
13,15,20,2816,20.5,8,1009.5,141,15,24,47,0,0,784
13,20,25,2811,20,8,1009.5,276.5,9.5,19.5,46.5,0,0,830.5
13,25,30,2809,20,8,1009.5,125.5,6,20,47,0,0,821.5
13,30,35,2777.5,20.5,8,1009.5,276.5,10,14.5,46.5,0,0,858.5
13,35,40,2795,21,8,1009.5,168.5,14,17.5,45,0,0,806
13,40,45,2776,20.5,8,1009.5,126,10,19,44.5,0,0,850.5
13,45,50,2765,20.5,8,1009.5,164,13,18.5,45,0,0,819
13,50,55,2745.5,20.5,8,1009.5,113,4,18,44.5,0,0,873.5
13,55,60,2593.5,20.5,7.5,1009.5,304,3,17.5,44.5,0,0,851
14,0,5,2519.5,20.5,7.5,1009.5,120,7,19.5,44,0,0,784.5
14,5,10,2510.5,20.5,8,1009.5,271.5,12,19,45.5,0,0,805
14,10,15,2468.5,21,8,1009.5,132.5,11,21,46,0,0,794.5
14,15,20,2424,20.5,8.5,1009.5,293.5,11.5,17,47.5,0,0,772.5
14,20,25,2421.5,20,8.5,1009,121.5,5,18.5,49.5,0,0,725
14,25,30,2389.5,20,9,1009,146.5,14,20.5,50.5,0,0,768
14,30,35,2339.5,20.5,10,1009,260.5,11,18.5,54,0,0,753.5
14,35,40,2287.5,19.5,11,1009,252,12.5,20,58.5,0,0,847.5
14,40,45,2246.5,19.5,11,1009,297.5,12.5,22,59,0,0,786.5
14,45,50,2176,19.5,11,1009,272,10.5,21,61,0,0,723.5
14,50,55,1937,19.5,12,1009.5,243,9,16.5,61.5,0,0,683
14,55,60,1827,19.5,11.5,1009.5,281,8.5,17,60.5,0,0,770
15,0,5,1785,19.5,11,1009.5,280.5,13.5,22,61.5,0,0,780.5
15,5,10,1730.5,19,11.5,1009.5,265.5,14,22.5,62.5,0,0,619.5
15,10,15,1689,19,11,1009.5,107.5,6,24.5,62,0,0,725
15,15,20,1647,19.5,11.5,1009.5,261,14,24,62,0,0,682
15,20,25,1597,19,12,1009.5,253.5,15.5,21.5,63.5,0,0,649.5
15,25,30,1567,19,11.5,1009.5,251,16.5,23.5,63.5,0,0,612.5
15,30,35,1519,19,11.5,1009.5,277.5,8,24.5,64,0,0,636.5
15,35,40,1422.5,19,11.5,1009.5,99,3.5,23,64.5,0,0,662.5
15,40,45,1438,19,11.5,1009,256,9,17.5,63,0,0,710
15,45,50,1483,19.5,11.5,1009.5,250.5,11.5,23.5,62,0,0,567.5
15,50,55,1439.5,20,11.5,1009.5,233.5,7.5,19,60.5,0,0,545
15,55,60,1376.5,20,11.5,1009.5,253,13.5,18,59.5,0,0,584.5
16,0,5,1398,10,7.5,502.5,95,4.5,8,35.5,0,0,171.5
16,5,10,1324,9.5,7.5,502,118,8,8.5,37.5,0,0,272.5
16,10,15,1238,9.5,7.5,502.5,97,4.5,8,38.5,0,0,177.5
16,15,20,2003.5,9.5,7.5,502.5,100,1.5,8.5,38.5,0,0,160
16,20,25,2059.5,19,12,1009.5,271,11.5,22,63.5,0,0,623
16,25,30,1783.5,19,11.5,1009.5,270,4.5,19.5,63.5,0,0,465.5
16,30,35,1754,19,11,1009.5,287.5,11,20,63,0,0,519.5
16,35,40,1769.5,18.5,11,1009,245.5,14,22.5,63,0,0,510
16,40,45,1729.5,18.5,11.5,1009,114.5,13,19,64,0,0,496.5
16,45,50,1860,18.5,11.5,1009,253,4.5,22,63.5,0,0,501
16,50,55,1796.5,18.5,11.5,1009,249.5,10,21,63.5,0,0,520
16,55,60,1635,19,11.5,1009,267,7.5,20.5,63,0,0,442
17,0,5,1485.5,19,11.5,1009,301,4.5,20,63,0,0,417.5
17,5,10,1533,19,12,1009,314.5,7,17,63,0,0,422
17,10,15,1556,19,12,1009,92.5,4,17,63,0,0,408
17,15,20,1516,19,11.5,1009,264.5,5.5,16.5,63,0,0,384
17,20,25,1554.5,19,11.5,1009,230.5,11,16.5,63,0,0,371.5
17,25,30,1603.5,19,11.5,1009,273.5,7.5,19.5,63,0,0,365.5
17,30,35,1643.5,19,12,1009,253,6,17.5,63.5,0,0,355
17,35,40,1600,19,12,1008.5,281.5,8,21,63,0,0,345.5
17,40,45,1551,19,12,1009,256,9.5,15,63.5,0,0,334.5
17,45,50,1459.5,19,12,1008.5,242,4,11,62.5,0,0,318
17,50,55,1399.5,19,12,1008.5,237,8,16.5,62.5,0,0,314
17,55,60,1372.5,19,12,1008.5,252.5,10,18,62.5,0,0,301.5
18,0,5,1349.5,19,11.5,1009,242.5,6,15.5,62.5,0,0,304
18,5,10,1340.5,19,12,1009,253.5,10,15,63,0,0,298
18,10,15,1295.5,19,12,1008.5,201,3.5,15.5,62,0,0,296
18,15,20,1277.5,19,12,1009,233.5,4.5,15.5,63,0,0,290
18,20,25,1188.5,19,12,1009,264,9,15,63,0,0,264
18,25,30,1032,19,12,1009,259.5,4,19.5,63,0,0,227.5
18,30,35,895,19,12,1008.5,247.5,8.5,17.5,63,0,0,210.5
18,35,40,839,19,11.5,1008.5,267.5,6.5,16,62.5,0,0,207
18,40,45,820,19,12,1008.5,99,10,13.5,63,0,0,193
18,45,50,754,19,12,1008.5,265,11,14,62.5,0,0,186
18,50,55,692.5,19.5,12,1008.5,247.5,7,13,63,0,0,173.5
18,55,60,596.5,19.5,11.5,1008.5,239,6.5,11,62.5,0,0,154
19,0,5,544,19,11.5,1008.5,265,4.5,13,62.5,0,0,149
19,5,10,524.5,19,11.5,1008.5,259.5,8.5,12.5,62.5,0,0,137
19,10,15,442.5,19,11.5,1008.5,89,9,12,63,0,0,118.5
19,15,20,391,19,11.5,1008.5,256.5,7,14.5,63,0,0,113.5
19,20,25,356.5,19,12,1008.5,245,9,14,63.5,0,0,103
19,25,30,310.5,19,11.5,1008.5,211.5,7.5,14,63,0,0,88.5
19,30,35,263.5,19,11.5,1008.5,246.5,2,14,63,0,0,78.5
19,35,40,223.5,19,11.5,1008.5,234.5,8,13,63,0,0,68
19,40,45,207.5,18.5,11.5,1008.5,217,8,15.5,63,0,0,58.5
19,45,50,195.5,18.5,11.5,1008,235,7,11,63.5,0,0,54.5
19,50,55,181,18.5,11.5,1008.5,234,4,9.5,63.5,0,0,45
19,55,60,149,18.5,11.5,1008.5,94.5,6,13,63,0,0,36
20,0,5,134.5,18.5,11.5,1008,232.5,3,13,62.5,0,0,31.5
20,5,10,122,18.5,11.5,1008.5,236.5,7,10.5,63,0,0,24.5
20,10,15,107.5,18.5,11.5,1008.5,76.5,3.5,12.5,63,0,0,20.5
20,15,20,80.5,19,11.5,1008.5,78,4.5,10,64,0,0,14
20,20,25,62.5,19,11.5,1008.5,252,1,6,64.5,0,0,12.5
20,25,30,51.5,19,11.5,1008.5,243,3.5,7,65,0,0,9.5
20,30,35,37,18.5,11.5,1008.5,246.5,0.5,6,65,0,0,5.5
20,35,40,17.5,18.5,11.5,1008.5,242,3,10,65,0,0,3.5
20,40,45,7.5,18.5,12,1008,83.5,2,4,65.5,0,0,2.5
20,45,50,0,18.5,11.5,1008.5,283.5,1.5,3,65.5,0,0,0
20,50,55,0,18.5,11.5,1008.5,276,0.5,3,66.5,0,0,0
20,55,60,0,18,11.5,1009,275.5,1.5,1.5,66.5,0,0,0
21,0,5,0,17.5,11.5,1008.5,266,1.5,1.5,68,0,0,0
21,5,10,0,17.5,11.5,1008.5,271,0.5,2,69.5,0,0,0
21,10,15,0,17.5,11.5,1008.5,268,0.5,1.5,69.5,0,0,0
21,15,20,0,17.5,11.5,1008.5,269.5,0,7,69.5,0,0,0
21,20,25,0,17.5,11.5,1008.5,268.5,0,4.5,70,0,0,0
21,25,30,0,17.5,11.5,1008.5,268.5,0.5,2,70,0,0,0
21,30,35,0,17.5,11.5,1008.5,256.5,0,1,69,0,0,0
21,35,40,0,17.5,11.5,1008.5,269,3,3.5,70,0,0,0
21,40,45,0,17.5,11.5,1009,274,2,5.5,70,0,0,0
21,45,50,0,17.5,11.5,1009,264,1.5,1.5,69,0,0,0
21,50,55,0,17.5,11.5,1009,269,1.5,1.5,68.5,0,0,0
21,55,60,0,17.5,11.5,1009,270.5,0.5,1.5,68.5,0,0,0
22,0,5,0,17.5,11.5,1009,264,0,1.5,69,0,0,0
22,5,10,0,17.5,12,1009,260,0.5,8.5,71,0,0,0
22,10,15,0,17.5,11.5,1009,264,3,6.5,70.5,0,0,0
22,15,20,0,17,11.5,1009,281.5,0.5,6.5,71.5,0,0,0
22,20,25,0,17,11.5,1009,279.5,0,4.5,72,0,0,0
22,25,30,0,17,11.5,1009,274,4,7.5,72,0,0,0
22,30,35,0,17,11.5,1009,274.5,0,6.5,73,0,0,0
22,35,40,0,17,12.5,1009,282,1,6.5,74.5,0,0,0
22,40,45,0,16.5,12,1009.5,174,4,7.5,75,0,0,0
22,45,50,0,16.5,11.5,1009.5,158.5,3,9,74,0,0,0
22,50,55,0,17,12,1009.5,161,1.5,11,74,0,0,0
22,55,60,0,17,12,1009.5,160,1.5,10,74,0,0,0
23,0,5,0,17,12,1009.5,167.5,3.5,7.5,73.5,0,0,0
23,5,10,0,16.5,11.5,1009.5,149.5,4.5,12.5,73.5,0,0,0
23,10,15,0,16.5,12,1009.5,160.5,5,8.5,74,0,0,0
23,15,20,0,16.5,12,1009.5,155.5,4.5,10,73.5,0,0,0
23,20,25,0,16.5,12,1009.5,143,6,10,74,0,0,0
23,25,30,0,16.5,11.5,1009.5,160.5,4,10,73.5,0,0,0
23,30,35,0,16.5,12,1009.5,168.5,4.5,11.5,74,0,0,0
23,35,40,0,16.5,12,1009.5,164,3,10,73.5,0,0,0
23,40,45,0,16.5,12,1009,151.5,3,12,73.5,0,0,0
23,45,50,0,16.5,12,1009,156,1.5,8.5,73.5,0,0,0
23,50,55,0,16.5,12,1009,155,2,7.5,74,0,0,0
23,55,60,0,16.5,11.5,1009,163,7,8.5,73,0,0,0
0,0,5,0,16.5,11.5,1009,169.5,2,11,73,0,0,0
0,5,10,0,0,0,0,0,0,0,0,0,0,0
0,10,15,0,16.5,11.5,1009,171,5,14,72.5,0,0,0
0,15,20,0,16.5,11,1009,170,3,11,72,0,0,0
0,20,25,0,16.5,11,1009,145.5,2,10,71,0,0,0
0,25,30,0,16.5,11,1009,148.5,2,10,71.5,0,0,0
0,30,35,0,16.5,11,1009,136,2,11.5,71,0,0,0
0,35,40,0,16.5,11,1009,155,1.5,7.5,70.5,0,0,0
0,40,45,0,16.5,11,1009,143,3,6,71,0,0,0
0,45,50,0,16.5,11,1009,151,4.5,7.5,71,0,0,0
0,50,55,0,16.5,11,1009,131.5,3.5,14,71,0,0,0
0,55,60,0,16.5,11,1009,142,2,13.5,71,0,0,0
1,0,5,0,16.5,11,1009,137.5,3,10,71,0,0,0
1,5,10,0,16,11,1009,148,4,10,71.5,0,0,0
1,10,15,0,16,11,1009,128,2,11,71,0,0,0
1,15,20,0,16,10.5,1009,115,4,9,71,0,0,0
1,20,25,0,16,10.5,1009,145.5,7,9,70.5,0,0,0
1,25,30,0,16,10.5,1008.5,123.5,4.5,11,70.5,0,0,0
1,30,35,0,16,10.5,1008.5,131,3,10,70.5,0,0,0
1,35,40,0,16,10.5,1008.5,134,4,9,70.5,0,0,0
1,40,45,0,16,10.5,1008.5,135.5,4,7,71,0,0,0
1,45,50,0,16,10.5,1008.5,134.5,4,6,71,0,0,0
1,50,55,0,16,10.5,1008.5,141,2,7,71,0,0,0
1,55,60,0,16,10.5,1008.5,163,1.5,5.5,71,0,0,0
2,0,5,0,16,10,1008.5,123.5,2,6,71,0,0,0
2,5,10,0,16,10,1008.5,118.5,3.5,6,71,0,0,0
2,10,15,0,16,10,1008.5,131.5,3,6.5,71.5,0,0,0
2,15,20,0,16,10,1008.5,128.5,6,8,71,0,0,0
2,20,25,0,16,10,1008.5,84,1.5,6,71,0,0,0
2,25,30,0,16,10,1008,135,5.5,8,70.5,0,0,0
2,30,35,0,16,10,1008,120.5,4.5,8.5,70.5,0,0,0
2,35,40,0,16,10,1008,122.5,3,8.5,70.5,0,0,0
2,40,45,0,16,10,1008,127.5,3,8.5,70.5,0,0,0
2,45,50,0,16,10,1008.5,132.5,6,8.5,70.5,0,0,0
2,50,55,0,16,10.5,1008.5,167,9.5,12,70.5,57.5,2,0
2,55,60,0,15.5,10,1008.5,159.5,4,17.5,71,28,4.5,0
3,0,5,0,15,9.5,1008.5,194.5,8.5,16.5,71,10,6,0
3,5,10,0,15,9.5,1008.5,200,2,15.5,72.5,6,7,0
3,10,15,0,15,9.5,1009,179,9.5,14,73,15.5,7.5,0
3,15,20,0,14.5,9.5,1008.5,186.5,6,9.5,73.5,10.5,9,0
3,20,25,0,14.5,9.5,1009,167.5,7,16.5,74.5,5.5,9.5,0
3,25,30,0,14.5,9.5,1008.5,194,4,17,74,2,10,0
3,30,35,0,15,9.5,1008.5,194,8,13,74.5,2.5,10,0
3,35,40,0,14.5,9.5,1008.5,201.5,4.5,11,74.5,3,10.5,0
3,40,45,0,15,9.5,1009,212,4.5,15,75,2.5,10.5,0
3,45,50,0,15,9.5,1009,174,5.5,13,74.5,2,11,0
3,50,55,0,15,9.5,1009,198.5,5.5,13.5,75.5,2.5,11,0
3,55,60,0,15,9.5,1009,190.5,3,14,75.5,2,11,0
4,0,5,0,14.5,9.5,1009,239,3,10,76,2,11.5,0
4,5,10,0,14.5,9.5,1009,201.5,10,10,75.5,1.5,11.5,0
4,10,15,0,15,9.5,1009,188,8.5,13.5,75.5,2,11.5,0
4,15,20,0,14.5,9.5,1009,207.5,9.5,11,75.5,2.5,12,0
4,20,25,0,14.5,9.5,1009,144,4.5,12,75.5,2.5,12,0
4,25,30,0,14.5,10,1009,121.5,3.5,12,76,3.5,12.5,0
4,30,35,0,14.5,10,1008.5,162.5,6,20,76,3.5,12.5,0
4,35,40,0,14.5,10,1008.5,111,7.5,16,76.5,3,13,0
4,40,45,0,14.5,10,1008.5,84.5,4,14,76.5,1,13,0
4,45,50,0,14.5,9.5,1008.5,107,6,16.5,76,1,13,0
4,50,55,0,14.5,9.5,1008.5,95.5,7,14.5,76,1,13.5,0
4,55,60,0,14.5,9.5,1009,119.5,4,18,76,0.5,13.5,0
5,0,5,0,14.5,9.5,1009,116,3.5,17.5,76,0.5,13.5,0
5,5,10,0,14.5,9.5,1009,129.5,7,17.5,75.5,0,13.5,0
5,10,15,0,14.5,9.5,1009,101.5,4,11,75.5,0,13.5,0
5,15,20,0,14,9,1009,109.5,4.5,17,75.5,0,13.5,0
5,20,25,0,14,9,1009,175,2,16.5,75.5,1,13.5,0
5,25,30,0,14,9,1009,126,3,12,75.5,2,14,0
5,30,35,0,14,9,1009,158.5,8.5,9.5,75,2,14,0
5,35,40,0,14,9,1009,137.5,6,15,75,1.5,14.5,0
5,40,45,0,14,9,1009,137,13.5,15,75,0.5,14.5,0
5,45,50,0,14,9,1009,163.5,14,21.5,74.5,0.5,14.5,0
5,50,55,0,14,9,1009,131.5,8,17,75,1,14.5,0
5,55,60,0,13.5,9,1009,137.5,3,18,75.5,0.5,14.5,0
6,0,5,0,13.5,9,1009,148.5,7.5,15.5,75.5,0.5,14.5,0
6,5,10,0,13.5,9,1009,114.5,6,15.5,76,0,14.5,0
6,10,15,0,13.5,9,1009,128.5,9,17.5,76,0,14.5,0
6,15,20,0,13.5,9,1009,114.5,4.5,15.5,76,0,14.5,0
6,20,25,0,13.5,9,1009,131.5,10,22,76,0,14.5,0
6,25,30,0,13.5,9,1009,117.5,7,21,76,0,14.5,0
6,30,35,0,13.5,9,1009,118.5,10,18,76,0,14.5,2.5
6,35,40,21,13.5,9,1009,152.5,4.5,17.5,76,0,14.5,4.5
6,40,45,33,13.5,9,1009,118.5,7,18,76,0,14.5,6
6,45,50,42,13.5,9,1009,147,4.5,17,76,0,14.5,8
6,50,55,52,13.5,9,1009,130,6.5,17,76,0,14.5,9.5
6,55,60,70.5,13.5,9,1009,114.5,8,20.5,75.5,1.5,15,13
7,0,5,103.5,13.5,9,1009,109,9.5,15.5,75.5,1,15,19
7,5,10,118.5,13.5,9,1009,128,4.5,21,75.5,0.5,15,22.5
7,10,15,154,13.5,9,1009.5,123,10,23,75.5,0.5,15,24.5
7,15,20,212,13.5,9,1009.5,160.5,12.5,25,75.5,0,15,38
7,20,25,265,13.5,9,1009.5,125.5,13,19.5,75.5,0,15,49.5
7,25,30,302,13.5,9,1009.5,117,10,20.5,75,0,15,60
7,30,35,344.5,13.5,8.5,1009.5,147.5,9,23,74.5,0,15,61.5
7,35,40,535,14,9,1009.5,132,10,21.5,74.5,0,15,81
7,40,45,431,14,9.5,1009.5,177.5,6,19,75,0,15,87
7,45,50,488,14,9.5,1009.5,137,12.5,17,75,0,15,81
7,50,55,514,14,9,1010,155,10,20,74.5,0,15,113
7,55,60,453,14.5,9,1010.5,155,13.5,15.5,74,0,15,112
8,0,5,493.5,14.5,9,1010.5,149,6.5,17,74,0,15,110
8,5,10,626.5,14.5,9,1010,129,7.5,15,74,0,15,124
8,10,15,973.5,14.5,9,1010,126.5,8.5,22,74,0,15,190
8,15,20,1155.5,14.5,9,1010,123.5,5.5,20.5,74,0,15,210.5
8,20,25,751,14.5,9.5,1010,108,5,19,74.5,0,15,254
8,25,30,754.5,14.5,9.5,1010,150.5,13.5,19.5,74,0,15,202
8,30,35,829,14.5,9.5,1010,120.5,11.5,20,73.5,0,15,185.5
8,35,40,883,14.5,9.5,1010.5,141,16,23,73.5,0,15,197
8,40,45,839.5,14.5,9.5,1010.5,143,11,20.5,73,0,15,199.5
8,45,50,912,14.5,9.5,1010.5,139.5,10.5,21,73,0,15,212.5
8,50,55,983,14.5,9.5,1010.5,131.5,4,17.5,72.5,0,15,257.5
8,55,60,863.5,14.5,9.5,1010.5,133.5,8.5,14.5,72.5,0,15,221.5
9,0,5,676,14.5,9.5,1010.5,134,11.5,22.5,72.5,0,15,243.5
9,5,10,1032.5,15,9.5,1010.5,161,6,21,72.5,0,15,436.5
9,10,15,1360,15,9.5,1010.5,180.5,3.5,21,72,0,15,299.5
9,15,20,1497,15.5,9.5,1010.5,108.5,7.5,16.5,72,0,15,324
9,20,25,1429,15.5,9.5,1010.5,144,8.5,18,71.5,0,15,349
9,25,30,1678,15.5,9.5,1010.5,130.5,11.5,19.5,70.5,0,15,538
9,30,35,2039,15.5,9.5,1010.5,105.5,13,18.5,70.5,0,15,552
9,35,40,1845.5,15.5,10,1010.5,138,5.5,23,70,0,15,490.5
9,40,45,2064,15.5,9.5,1010.5,98.5,12.5,18,69.5,0,15,430
9,45,50,2074,16,10,1010.5,118.5,11.5,18,69,0,15,415.5
9,50,55,2014,16,10,1010.5,134.5,11.5,22,68.5,0,15,393
9,55,60,1870,16,9.5,1010.5,131,7,20.5,68,0,15,345.5
10,0,5,1961,16,10,1010.5,121.5,6,23.5,68,0,15,325.5
10,5,10,2062.5,16,9.5,1010.5,140,17.5,21,68,0,15,341
10,10,15,2089,16,9.5,1010.5,136,6,28,68,0,15,344.5
10,15,20,2062.5,16.5,9.5,1010.5,124.5,9.5,23,68,0,15,335
10,20,25,2139.5,16.5,9.5,1011,176,6,22,68.5,0,15,338.5
10,25,30,2095.5,16.5,10,1010.5,127,11.5,19.5,69,0,15,331
10,30,35,2057.5,16.5,9.5,1010.5,122.5,7,20,68.5,0,15,327.5
10,35,40,2045.5,16.5,10,1010.5,133.5,11.5,22,69,2.5,15.5,333
10,40,45,2091.5,16,9.5,1011,179,11,27.5,68,9,16,336.5
10,45,50,2206,15.5,9,1011,148.5,7,27,69,5,16.5,352
10,50,55,2433,15.5,8.5,1010.5,141.5,3,23,68.5,4,17,398.5
10,55,60,2521.5,15.5,9,1010.5,101.5,6,15.5,69,1,17,410.5
11,0,5,2674.5,15.5,9.5,1011,119,9.5,11.5,69,0.5,17,438.5
11,5,10,2614,15.5,9.5,1011,102,4.5,11.5,69,0.5,17,420.5
11,10,15,2937,15.5,9.5,1010.5,111,11.5,16.5,69,0,17,442
11,15,20,3209.5,15.5,9.5,1010.5,104,12.5,19.5,68.5,0,17,497.5
11,20,25,3110.5,15.5,9.5,1010.5,218,4.5,19,69,0,17,489.5
11,25,30,3281.5,16,9.5,1010.5,95.5,4.5,18.5,68.5,0,17,512.5
11,30,35,3221,16,9.5,1010.5,107,4.5,16,68,0,17,523
11,35,40,3957.5,16,9.5,1010.5,116.5,2,14,68.5,0,17,535.5
11,40,45,3732.5,16.5,9.5,1010.5,103,8,15.5,68.5,0,17,626.5
11,45,50,3729,17,9.5,1010.5,79.5,10,16,67,0,17,584.5
11,50,55,3662,17,9.5,1010.5,98.5,4.5,16.5,67,0,17,563
11,55,60,3642,17,9.5,1010.5,112,2,15.5,67,0,17,572
12,0,5,4755,17,9.5,1010.5,139,3,15.5,66,0,17,595
12,5,10,4340.5,17,9.5,1010.5,122,6.5,19,66,0,17,779.5
12,10,15,4728.5,17.5,10,1010.5,117.5,14,17.5,65,0,17,708.5
12,15,20,5032.5,17.5,9.5,1010.5,121.5,14,19.5,64,0,17,787.5
12,20,25,5224,18,10,1010.5,104,9.5,22,64,0,17,677.5
12,25,30,4308.5,18,10.5,1010.5,114.5,4,22,63,0,17,700.5
12,30,35,4582,18,10,1010.5,86.5,7,20.5,61.5,0,17,679.5
12,35,40,4558,18,9.5,1010.5,107,4.5,22,61,0,17,708.5
12,40,45,4470.5,18.5,10,1010.5,125,7,23.5,61,0,17,748
12,45,50,4694.5,18.5,10,1010.5,112,13,20.5,60,0,17,682
12,50,55,4658,18.5,10,1010.5,129,8.5,24.5,60,0,17,802.5
12,55,60,4678,18.5,10,1010.5,131,14.5,19.5,59,0,17,734.5
13,0,5,4637.5,18.5,10.5,1010.5,110,14,22.5,59.5,0,17,727
13,5,10,4841,18.5,10,1010.5,130,3.5,23.5,59,0,17,731.5
13,10,15,5429,18.5,10,1010.5,133.5,11,20.5,58,0,17,798
13,15,20,5342,19,10,1010.5,148,5.5,19.5,59,0,17,931
13,20,25,4384,19,10,1010.5,119.5,12.5,21,57,0,17,803.5
13,25,30,3683.5,19,9.5,1010.5,141,11.5,24.5,57,0,17,635.5
13,30,35,3833.5,19,10,1010.5,152.5,2.5,23.5,57,0,17,580
13,35,40,4617.5,19.5,10,1010.5,240,4.5,15.5,57.5,0,17,653
13,40,45,4665,19,10.5,1010.5,183.5,6.5,20.5,58,0,17,842
13,45,50,4047,19,10.5,1010.5,188.5,9,16.5,58.5,0,17,728.5
13,50,55,4667.5,19,10.5,1010,163,6,16.5,58.5,0,17,665.5
13,55,60,4589.5,19.5,10.5,1010,133.5,6,16,58,0,17,793.5
14,0,5,4804,19.5,10.5,1010,121,4.5,17,58,0,17,698
14,5,10,5073.5,19.5,10.5,1010,134.5,11.5,14,57.5,0,17,786
14,10,15,4644.5,19.5,10,1010,107.5,3.5,19,56.5,0,17,923.5
14,15,20,4699,19.5,10.5,1010,111,6,15.5,55.5,0,17,817.5
14,20,25,4814,20,10,1010.5,133,13,19,56.5,0,17,920.5
14,25,30,4791,20,10.5,1010.5,203.5,8.5,17.5,57,0,17,902.5
14,30,35,3897,20,10.5,1010.5,232,6.5,20.5,58,0,17,865
14,35,40,4166,19,10.5,1010.5,227,13,21,60,0,17,871
14,40,45,4110,19,11,1010.5,244,11,25,61.5,0,17,815
14,45,50,3456.5,18.5,11,1010.5,256.5,10.5,18.5,62,0,17,873.5
14,50,55,3615,18.5,11,1010.5,234,15.5,20.5,62,0,17,890.5
14,55,60,3548.5,18.5,10.5,1010.5,229,8.5,22,62.5,0,17,873.5
15,0,5,3056,18.5,11,1010.5,206.5,6.5,20.5,62,0,17,848
15,5,10,3431,18.5,11,1010.5,108.5,7.5,21.5,62.5,0,17,903
15,10,15,3096,18.5,11,1010.5,239.5,4,23.5,63.5,0,17,835
15,15,20,3431,18.5,11,1010.5,260,10,30.5,63.5,0,17,838.5
15,20,25,3071.5,18.5,11,1010.5,244.5,12,26.5,63.5,0,17,863
15,25,30,3040.5,18.5,11,1010.5,250,8.5,27,63.5,0,17,859
15,30,35,3159,18.5,11,1010.5,210.5,11.5,24,64.5,0,17,907
15,35,40,2765.5,18.5,11,1010.5,280.5,15,26,65,0,17,897.5
15,40,45,2925.5,18.5,11.5,1010.5,256.5,8.5,24.5,65,0,17,632.5
15,45,50,2733.5,18.5,11.5,1010.5,122,8.5,28.5,65.5,0,17,875.5
15,50,55,2712.5,18,11.5,1010.5,233.5,8.5,20.5,66,0,17,573
15,55,60,2635.5,18,11,1010.5,274,7,21.5,65.5,0,17,567.5
16,0,5,2223,18,11.5,1010.5,237.5,8,29.5,66.5,0,17,540.5
16,5,10,2411.5,18,11,1010.5,223,12,23.5,66,0,17,487.5
16,10,15,2496.5,18.5,11.5,1010.5,246,12,27,65.5,0,17,549
16,15,20,2245,18.5,11.5,1010.5,231.5,8,21.5,66.5,0,17,532
16,20,25,2156,18.5,12,1010.5,246.5,8,20,67,0,17,567
16,25,30,2116,18.5,12,1010.5,239.5,3.5,22.5,66.5,0,17,522
16,30,35,1589,18.5,11.5,1011,275,18,27,65.5,0,17,509
16,35,40,1814.5,18.5,11,1011,268,11.5,29.5,65,0,17,422
16,40,45,1543,18.5,11.5,1011,244.5,8,25,66,0,17,498.5
16,45,50,1488.5,18.5,11.5,1011,268.5,11.5,27,66,0,17,649.5
16,50,55,1884,18,11,1011,265,12.5,26,64.5,0,17,504.5
16,55,60,1959.5,18,11,1011,280.5,6,24.5,64,0,17,639.5
17,0,5,1815,19,11,1011,266,14,28,63.5,0,17,619
17,5,10,1581,19,11,1011,258.5,4.5,24,61.5,0,17,523
17,10,15,1384.5,18.5,10.5,1011,255.5,9,20.5,60.5,0,17,368
17,15,20,1512.5,18.5,10.5,1011,267,10.5,23,61,0,17,388.5
17,20,25,2036.5,18.5,10.5,1011,278.5,10.5,22,62,0,17,575
17,25,30,1417,18,11,1011,274,18,21,62.5,0,17,313
17,30,35,1246,18.5,10.5,1011,297.5,9.5,24.5,63,0,17,278.5
17,35,40,1218.5,18,11,1011.5,267,6.5,21,64.5,0,17,277.5
17,40,45,1287,18,11,1011.5,284.5,10.5,24.5,64.5,0,17,292
17,45,50,1407.5,18,11,1011.5,297,9.5,18,63,0,17,308.5
17,50,55,1457,18,11,1011.5,264.5,3.5,20.5,62.5,0,17,304
17,55,60,1987,18.5,10,1011.5,245,9,23.5,61.5,0,17,471
18,0,5,1182,18,10,1011.5,275.5,11,23.5,61,0,17,259.5
18,5,10,1810,18,10.5,1011.5,264.5,8,20.5,62.5,0,17,447.5
18,10,15,1702,18,10.5,1011.5,268,13.5,19,63.5,0,17,400
18,15,20,1326.5,18,11,1011.5,272.5,4,21,65,0,17,279
18,20,25,1647,17,11,1011.5,269.5,18,22,66,0,17,408
18,25,30,1689,17,11,1011.5,264,8,19,65.5,0,17,396
18,30,35,1325,18,10.5,1011.5,290.5,18,21.5,63.5,0,17,380.5
18,35,40,964,17,11,1011.5,251,4.5,20,65,0,17,203.5
18,40,45,802.5,17,10,1011.5,288.5,4,18,65,0,17,203.5
18,45,50,740.5,17,11,1011.5,298.5,6,17.5,66.5,0,17,185.5
18,50,55,737,17,10.5,1011.5,273.5,4,16.5,66.5,0,17,182
18,55,60,717,16.5,10,1011.5,249,6.5,17,66,0,17,198
19,0,5,698.5,17,10.5,1011.5,262,5,15.5,67,0,17,186
19,5,10,729,17,10.5,1011.5,254,8,17,67,0,17,216.5
19,10,15,666,17,10.5,1011.5,256.5,3.5,16.5,67,0,17,206.5
19,15,20,531,17,10.5,1011.5,90,3.5,18,67,0,17,129.5
19,20,25,409.5,17,10.5,1011.5,248,4.5,14.5,67,0,17,138
19,25,30,363.5,17,10,1011.5,112,5,19.5,66,0,17,105.5
19,30,35,397.5,17,10,1011.5,257,7.5,19,66,0,17,127.5
19,35,40,277,17,9.5,1011.5,263,11.5,22,63.5,0,17,107
19,40,45,261.5,16.5,9.5,1011.5,254.5,9.5,25,64,0,17,89.5
19,45,50,245.5,16.5,9.5,1011.5,123.5,9,19.5,63,0,17,59.5
19,50,55,197,16.5,9,1011.5,289.5,7,22,62.5,0,17,49
19,55,60,166.5,16.5,9,1012,277,7.5,19.5,62.5,0,17,37.5
20,0,5,143,16.5,9,1012,287,13.5,19,63,0,17,29
20,5,10,85,16.5,9,1012,275,10,16,63.5,0,17,21
20,10,15,92,16.5,9,1012,294,4,18.5,64,0,17,16
20,15,20,75,16.5,9,1012,256.5,5,18,63.5,0,17,13.5
20,20,25,59.5,16,9,1012,287.5,6,18,63.5,0,17,10.5
20,25,30,49,16,8.5,1012,282.5,10,20.5,63.5,0,17,8
20,30,35,39,16,9,1012,273.5,8.5,15,64,0,17,3.5
20,35,40,21,16,9,1012,283.5,7,17.5,64.5,0,17,2.5
20,40,45,4.5,16,9.5,1012,280.5,4.5,11.5,65.5,0,17,0
20,45,50,0,16,9.5,1012,277,5.5,12.5,65.5,0,17,0
20,50,55,0,16,9.5,1012,271.5,4.5,12.5,66,0,17,0
20,55,60,0,16,9.5,1012,277.5,2.5,10,66.5,0,17,0
21,0,5,0,16,9.5,1012,261.5,0.5,10,67,0,17,0
21,5,10,0,16,9.5,1012,119,6.5,8,66.5,0,17,0
21,10,15,0,16,9.5,1012,113,5,15.5,66,0,17,0
21,15,20,0,16,9,1012,256,4.5,8.5,65.5,0,17,0
21,20,25,0,15.5,9,1012,259,4.5,14,66,0,17,0
21,25,30,0,16,9.5,1012,288,2.5,10,66.5,0,17,0
21,30,35,0,16,9,1012.5,268.5,1.5,11.5,65.5,0,17,0
21,35,40,0,15.5,9,1012.5,282.5,1.5,6.5,67,0,17,0
21,40,45,0,15.5,9,1012.5,267.5,1,6,66.5,0,17,0
21,45,50,0,15.5,9,1012.5,276,0.5,6.5,67,0,17,0
21,50,55,0,15.5,9,1012.5,275,4,6,67,0,17,0
21,55,60,0,15.5,9.5,1012.5,275,0.5,6.5,68.5,0,17,0
22,0,5,0,15,9.5,1012.5,266,0,5,68.5,0,17,0
22,5,10,0,15,9.5,1012.5,269.5,0.5,8.5,69,0,17,0
22,10,15,0,15,9.5,1012.5,263.5,0.5,11.5,69,0,17,0
22,15,20,0,15,10,1012.5,93.5,2,6,70,0,17,0
22,20,25,0,15,10,1012.5,118,2,6.5,69.5,0,17,0
22,25,30,0,15,10,1012.5,167,3,7.5,69,0,17,0
22,30,35,0,15.5,10,1012.5,164,4.5,7.5,69.5,0,17,0
22,35,40,0,15,10,1012.5,156,2,8,70,0,17,0
22,40,45,0,15,10,1012.5,155,5.5,9,70.5,0,17,0
22,45,50,0,15,10,1012.5,149.5,2.5,10,70.5,0,17,0
22,50,55,0,15,10,1012.5,157,1.5,8.5,70.5,0,17,0
22,55,60,0,15,10,1012.5,153.5,1.5,7.5,70.5,0,17,0
23,0,5,0,15,10,1013,155.5,2,8.5,70.5,0,17,0
23,5,10,0,15.5,10.5,1013,154.5,3.5,7,71.5,0,17,0
23,10,15,0,15.5,10,1013,157,6,7.5,71,0,17,0
23,15,20,0,15.5,10,1013,168,3.5,10,70.5,0,17,0
23,20,25,0,15.5,10,1013,162,1.5,11,70.5,0,17,0
23,25,30,0,15.5,10,1013,169,2,6,70.5,0,17,0
23,30,35,0,15.5,10,1013,160.5,5,10,70.5,0,17,0
23,35,40,0,15.5,10,1013,161,7,10,71,0,17,0
23,40,45,0,15,10,1013,179.5,2,8,71,0,17,0
23,45,50,0,15,10,1013,150.5,1.5,8,71,0,17,0
23,50,55,0,15,10,1013,164,1.5,6,71.5,0,17,0
23,55,60,0,15.5,10,1013,167.5,7,7.5,71,0,17,0
0,0,5,0,15.5,10,1013,164,3.5,10,71,0,17,0
0,5,10,0,0,0,0,0,0,0,0,0,0,0
0,10,15,0,7,5.5,506,89,0,9.5,41,0,0,0
0,15,20,0,7,5.5,506,93.5,2,7,41.5,0,0,0
0,20,25,0,7,5.5,506,75,3,6,41.5,0,0,0
0,25,30,0,7,6,506,81.5,4.5,7,42,0,0,0
0,30,35,0,7,6,506,91,1.5,4.5,42,0,0,0
0,35,40,0,7,6,506,92.5,4,4.5,42.5,0,0,0
0,40,45,0,7,6,506,89.5,3,6,42.5,0,0,0
0,45,50,0,7,6,506,88.5,0,8,42.5,0,0,0
0,50,55,0,7,5.5,506,85,0,6,42.5,0,0,0
0,55,60,0,7,5.5,506,96,1.5,6,42.5,0,0,0
1,0,5,0,7,5.5,506,95.5,4.5,8,42.5,0,0,0
1,5,10,0,7,5.5,506,81.5,0,8,42.5,0,0,0
1,10,15,0,7,6,506,87.5,1.5,4.5,43,0,0,0
1,15,20,0,7,5.5,506.5,79.5,3,7,42.5,0,0,0
1,20,25,0,7,5.5,506.5,78,0.5,6,42.5,0,0,0
1,25,30,0,6.5,5.5,506.5,81,0,5.5,42.5,0,0,0
1,30,35,0,6.5,5.5,506.5,80.5,3,5.5,42.5,0,0,0
1,35,40,0,6.5,5.5,506,82.5,0.5,5.5,42.5,0,0,0
1,40,45,0,6.5,5.5,506,85.5,1.5,7,42,0,0,0
1,45,50,0,6.5,5.5,506,75,0,4.5,42,0,0,0
1,50,55,0,6.5,5,506,83,4,4.5,41.5,0,0,0
1,55,60,0,6.5,5,506,82.5,3,4.5,41.5,0,0,0
2,0,5,0,6.5,5,506,81.5,0,4,41.5,0,0,0
2,5,10,0,6.5,5,506,79.5,0,4.5,41,0,0,0
2,10,15,0,6.5,5,506,87.5,0.5,4.5,41,0,0,0
2,15,20,0,6.5,5,506,80.5,0,6,41,0,0,0
2,20,25,0,6.5,5,506.5,83.5,0,4.5,41,0,0,0
2,25,30,0,6.5,5,506.5,92.5,0.5,4,41,0,0,0
2,30,35,0,6.5,5,506.5,77,1.5,5.5,41,0,0,0
2,35,40,0,6.5,5,506.5,94,0.5,4,40.5,0,0,0
2,40,45,0,6.5,5,506.5,79.5,3,7,40.5,0,0,0
2,45,50,0,6.5,5,506.5,63,0.5,6,40.5,0,0,0
2,50,55,0,6.5,5,506.5,74,2,6,40,0,0,0
2,55,60,0,6.5,5,506.5,85,4,4.5,40,0,0,0
3,0,5,0,6.5,5,506.5,70.5,2,6,40,0,0,0
3,5,10,0,6.5,5,506.5,92,0.5,6,40,0,0,0
3,10,15,0,6.5,5,506.5,81.5,1.5,8.5,39.5,0,0,0
3,15,20,0,6.5,5,506.5,83,0,6,39.5,0,0,0
3,20,25,0,6.5,5,506.5,76.5,0,4,40,0,0,0
3,25,30,0,6.5,5,506.5,65,0,7,40,0,0,0
3,30,35,0,6.5,5,506.5,87,1.5,7,40.5,0,0,0
3,35,40,0,6.5,5,506.5,81.5,0,4,40.5,0,0,0
3,40,45,0,6.5,5,506.5,70,1.5,7,40.5,0,0,0
3,45,50,0,6.5,5,506.5,76.5,0.5,6,40.5,0,0,0
3,50,55,0,6.5,5,506.5,89,0,7,41,0,0,0
3,55,60,0,6.5,5,506.5,76.5,0,6,41,0,0,0
4,0,5,0,6.5,5,506.5,91,2,6,41,0,0,0
4,5,10,0,6.5,5,506.5,71,1.5,8,41.5,0,0,0
4,10,15,0,6.5,5,506.5,69,0,8.5,41.5,0,0,0
4,15,20,0,6.5,5,506.5,81.5,0,5.5,42,0,0,0
4,20,25,0,6.5,5,506.5,80.5,0,4.5,42,0,0,0
4,25,30,0,6.5,5,506.5,79.5,0,4.5,42.5,0,0,0
4,30,35,0,6.5,5,506.5,80.5,3,6,42.5,0,0,0
4,35,40,0,6.5,5,506.5,77.5,0,4,42.5,0,0,0
4,40,45,0,6.5,5,506.5,64,0.5,4,42.5,0,0,0
4,45,50,0,6.5,5,506.5,84,0.5,5.5,42.5,0,0,0
4,50,55,0,6.5,5,506.5,66,3,6,42.5,0,0,0
4,55,60,0,6.5,5,506.5,87,4,8.5,42,0,0,0
5,0,5,0,6.5,5,506.5,80.5,4.5,4.5,42,0,0,0
5,5,10,0,6.5,5,506.5,70.5,0,6,41.5,0,0,0
5,10,15,0,6.5,5,506.5,66,0,5.5,41.5,0,0,0
5,15,20,0,6.5,5,506.5,71,1.5,7,41.5,0,0,0
5,20,25,0,6.5,5,506.5,68,1.5,6,42,0,0,0
5,25,30,0,6.5,5,507,66,4,4,42,0,0,0
5,30,35,0,6,5,507,58.5,0.5,4,42,0,0,0
5,35,40,0,6,5,507,59.5,0,4,42.5,0,0,0
5,40,45,0,6,5,507,63,1.5,5.5,42.5,0,0,0
5,45,50,0,6,5,507,61.5,1.5,4,42.5,0,0,0
5,50,55,0,6,5,507,66,0,5.5,42.5,0,0,0
5,55,60,0,6,5,507,62.5,3,3,43,0,0,0
6,0,5,0,6,5,506.5,68.5,3,5.5,43,0,0,0
6,5,10,0,6,5,507,58.5,0,5.5,43,0,0,0
6,10,15,0,6,5,507,64,0.5,5.5,43,0,0,0
6,15,20,0,6,5,507,64,2,4,43,0,0,0
6,20,25,0,6,5,507,59,2,4,43,0,0,0
6,25,30,0,6,5,507,64,0,5.5,43,0,0,0
6,30,35,1,6,5,507,66.5,0,5.5,43,0,0,0
6,35,40,34.5,6,5,507,64,0,3,43,0,0,3.5
6,40,45,61,6,5,507,64.5,0,4,43,0,0,4.5
6,45,50,76.5,6,5,507,61,0,4,43,0,0,6
6,50,55,92.5,6,5,507,69,2,4,43,0,0,7
6,55,60,116.5,6,5,507,66.5,0,5.5,43,0,0,9.5
7,0,5,151.5,6,5,507,63.5,0,4,43,0,0,16.5
7,5,10,180.5,6,5,507,60.5,0.5,5.5,43,0,0,22
7,10,15,205,6,5,507,60.5,1.5,6,43,0,0,28
7,15,20,271,6,5,507,61.5,2,5.5,43,0,0,33.5
7,20,25,337.5,6.5,5,507,60.5,1.5,6,43,0,0,41.5
7,25,30,412,6.5,5.5,507,68.5,0,6,43,0,0,47.5
7,30,35,526.5,6.5,5.5,507,64,0,6,43,0,0,58
7,35,40,633,6.5,5.5,507,60,3,8,42.5,0,0,66
7,40,45,722.5,6.5,5.5,507,56.5,3,4,42.5,0,0,75.5
7,45,50,758.5,6.5,5.5,507,64.5,1.5,3,42,0,0,83.5
7,50,55,712,6.5,5.5,507,71,3,8,42,0,0,91.5
7,55,60,707.5,6.5,5.5,507,62,1.5,6,42,0,0,99.5
8,0,5,730.5,6.5,5.5,507,60,1.5,8,42,0,0,106.5
8,5,10,661,6.5,5.5,507,69.5,3,7,42,0,0,113.5
8,10,15,935.5,7,5.5,507,66.5,3,6,42,0,0,120.5
8,15,20,954.5,7,5.5,507.5,50,0,8,42,0,0,127.5
8,20,25,885,7,5.5,507.5,71,0,9.5,42,0,0,127.5
8,25,30,784,7,5.5,507.5,63,3,8,42,0,0,71
8,30,35,986,7,5.5,507.5,65,1.5,5.5,42,0,0,30
8,35,40,1116.5,7,6,507.5,65,0,6,42,0,0,23
8,40,45,1364,7,6,507.5,81.5,4,4,42,0,0,23
8,45,50,1085.5,7.5,6,507.5,82.5,1.5,7,42,0,0,82.5
8,50,55,1039.5,7.5,6,507.5,61.5,4,8.5,41.5,0,0,114.5
8,55,60,971,7.5,6,507.5,66.5,1.5,7,41.5,0,0,81.5
9,0,5,1001,7.5,6,507.5,82,0,8.5,41.5,0,0,99.5
9,5,10,975,7.5,6,507.5,81.5,0,7,41,0,0,186.5
9,10,15,768,7.5,6,507.5,80.5,4.5,5.5,40.5,0,0,32.5
9,15,20,942,7.5,6,507.5,69,3,8,40.5,0,0,89.5
9,20,25,1141.5,7.5,6,507.5,66,2,5.5,40.5,0,0,84.5
9,25,30,1442.5,7.5,6,507.5,91,1.5,4,40,0,0,109
9,30,35,1420,7.5,6,507.5,85.5,5.5,6,40,0,0,105.5
9,35,40,1151.5,7.5,6,507.5,84.5,4,8,40,0,0,87
9,40,45,1652,7.5,6,507.5,81.5,5.5,10,40,0,0,78
9,45,50,1984,7.5,6,507.5,84,4,8.5,40,0,0,103
9,50,55,2056.5,7.5,6,507.5,103.5,6,8,39.5,0,0,114.5
9,55,60,2362.5,7.5,5.5,507.5,78,4.5,8,38.5,0,0,138
10,0,5,2636.5,8,6,508,95,4,8,38.5,0,0,167
10,5,10,2598,8,6,508,95.5,4.5,11,38.5,0,0,155.5
10,10,15,2704.5,8,6,508,85.5,4.5,9.5,38,0,0,109
10,15,20,2752.5,8,6,508,72,1.5,12,38,0,0,109
10,20,25,2522,8,6,508,92,4.5,9.5,38,0,0,78
10,25,30,2618.5,8,6,508,84.5,4,9.5,38.5,0,0,103.5
10,30,35,3119,8,6,508,68,1.5,9.5,38.5,0,0,358.5
10,35,40,3012.5,8,6,508,78.5,4.5,9.5,38,0,0,352.5
10,40,45,3793,8,6,508,82,0,13.5,38.5,0,0,346.5
10,45,50,3033.5,8,6,508,94,4.5,12,37.5,0,0,42
10,50,55,2525.5,8,6,508,86.5,6,13.5,38,0,0,42
10,55,60,2422,8,6,508,104.5,8,9.5,38,0,0,66
11,0,5,3351,8,6,508,81.5,1.5,10,38,0,0,75.5
11,5,10,3933.5,8,6,508,78,4.5,10,38,0,0,95
11,10,15,3426,8,6,508,93,0,10,37.5,0,0,164.5
11,15,20,2725.5,8,6,508,88,0,9.5,38,0,0,127.5
11,20,25,2515.5,8,6,508,93,4.5,8.5,38.5,0,0,56.5
11,25,30,3721,8,6,508,90.5,4.5,10,39,0,0,60
11,30,35,5083,8,6,508,97.5,5.5,11,39.5,0,0,423
11,35,40,4928.5,8,6.5,508,97,6,12,39.5,0,0,451
11,40,45,4371,8,6,508,104,10,15,39,0,0,200.5
11,45,50,4166,8,6,508,105.5,9.5,14.5,39,0,0,200.5
11,50,55,3429,8,6.5,508,98,7,15,39,0,0,134.5
11,55,60,3998,8,6,508,94.5,3,12.5,38.5,0,0,154
12,0,5,4306.5,8.5,6.5,508,92,4,13.5,39,0,0,186.5
12,5,10,5308.5,8.5,6.5,508,95,4,10,38.5,0,0,505.5
12,10,15,4591.5,8.5,6.5,508.5,89.5,5.5,10,38,0,0,481
12,15,20,4675.5,8.5,6.5,508.5,89,4.5,12,38.5,0,0,172.5
12,20,25,4216,8.5,6.5,508.5,90,0,11,38,0,0,344.5
12,25,30,4559.5,8.5,6,508.5,90,1.5,13.5,38,0,0,296
12,30,35,4570,8.5,6,508.5,99,7,10,38,0,0,232
12,35,40,4600,8.5,6,508.5,90,0,14.5,37.5,0,0,290
12,40,45,5448,8.5,6,508.5,92.5,7,8,36.5,0,0,360.5
12,45,50,5530.5,8.5,6.5,508.5,83.5,0,9.5,37,0,0,354
12,50,55,5615,9,6.5,508.5,96,4,8.5,37,0,0,454.5
12,55,60,5527.5,9,6,508.5,81,3,8.5,35,0,0,453.5
13,0,5,5234,9,6,508.5,111.5,8,12,35.5,0,0,430
13,5,10,4824,9,6,508.5,89.5,8,10,34.5,0,0,426.5
13,10,15,5311,9,6,508.5,114.5,9.5,10,35.5,0,0,414
13,15,20,5502,9,6,508.5,100.5,1.5,9.5,35.5,0,0,379
13,20,25,5496.5,9,6,508.5,113,6,8,34.5,0,0,434
13,25,30,5546.5,9,6,508.5,104.5,5.5,14.5,34.5,0,0,431.5
13,30,35,5131.5,9,6,508.5,108.5,4.5,10,34.5,0,0,457
13,35,40,5298.5,9,6,508.5,96,0,8.5,34.5,0,0,419
13,40,45,5446,9,6,508.5,76,3,12,34.5,0,0,447.5
13,45,50,5437.5,9,6.5,508.5,112.5,7,11,35.5,0,0,437.5
13,50,55,5285,9,6,508.5,104.5,9.5,11,35.5,0,0,434
13,55,60,5119,9,6.5,508.5,108,3,12.5,35.5,0,0,436
14,0,5,5021,9,6,508.5,90,4.5,8.5,34.5,0,0,432.5
14,5,10,4980.5,9,6.5,508.5,107.5,8,8,34.5,0,0,430
14,10,15,4870,9,6,508.5,88.5,4.5,9.5,34.5,0,0,428
14,15,20,4820.5,9,6,508.5,104,5.5,11,34.5,0,0,426.5
14,20,25,4776.5,9,6.5,508.5,92,2,14.5,35.5,0,0,424.5
14,25,30,4701,9,6.5,508.5,93,3,11,35,0,0,423
14,30,35,4592,9,6,508.5,101.5,4,9.5,33.5,0,0,417.5
14,35,40,4505,9,6,508.5,110.5,5.5,11,34,0,0,416.5
14,40,45,4414,9,6,508.5,109,4,10,34,0,0,415
14,45,50,4158,9,6,508.5,105,6,9.5,34,0,0,413
14,50,55,3772.5,9,6,508.5,102,4.5,11,34,0,0,409.5
14,55,60,3595.5,9,6,508.5,94.5,0,12,33,0,0,406
15,0,5,3539,9,5.5,508.5,104.5,1.5,9.5,32.5,0,0,405
15,5,10,3465.5,9,6,508.5,95,6,11,33,0,0,401.5
15,10,15,3413,9,6,508.5,105,4.5,13.5,34,0,0,421
15,15,20,3201.5,9,6,508.5,110,5.5,8.5,34.5,0,0,263
15,20,25,3093,9,6,508.5,110.5,7,9.5,34.5,0,0,267
15,25,30,3070.5,9,6,508.5,96,0,9.5,34.5,0,0,267
15,30,35,2922,9,6,508.5,108.5,4,10,34,0,0,395.5
15,35,40,2827.5,9,6,508.5,94.5,0,8.5,34,0,0,378
15,40,45,2823,9,6,508.5,119.5,2,8,32.5,0,0,382.5
15,45,50,2777,9,6,508.5,106,2,9.5,33,0,0,375.5
15,50,55,2799,9,6,508.5,89,3,8,33,0,0,375.5
15,55,60,2732,9,6,508.5,105.5,5.5,8.5,33.5,0,0,363
16,0,5,2739.5,9,6,508.5,104.5,12,12,33.5,0,0,361
16,5,10,2762,9,6,508.5,105.5,7,12,33.5,0,0,352.5
16,10,15,2685.5,9,6,508.5,102.5,6,12,34.5,0,0,265.5
16,15,20,2343.5,9,6,508.5,101,5.5,10,35,0,0,394
16,20,25,2288,9,6,508.5,94.5,4,9.5,34.5,0,0,299.5
16,25,30,2146.5,9,6,508.5,109.5,5.5,12.5,35.5,0,0,343.5
16,30,35,1915.5,9,6.5,508.5,87,4.5,9.5,36,0,0,343.5
16,35,40,1814.5,9,6.5,508.5,83.5,0,8.5,36.5,0,0,323.5
16,40,45,1751,9,6,508.5,110.5,3,10,35.5,0,0,322.5
16,45,50,1603.5,9,6.5,508.5,109,4.5,8,36,0,0,316.5
16,50,55,1743.5,9,6.5,508.5,131.5,0,8.5,36,0,0,346.5
16,55,60,1656,9,6.5,508.5,102.5,0,7,36,0,0,320
17,0,5,1631,9,6.5,508.5,98.5,4,9.5,35.5,0,0,307.5
17,5,10,1550,9,6.5,508.5,98.5,8,9.5,36,0,0,285.5
17,10,15,1578.5,9,6,508.5,113.5,0.5,9.5,35.5,0,0,277.5
17,15,20,1660,9,6,508.5,104.5,4.5,8,35,0,0,283
17,20,25,1750,9,6,508.5,118,2,7,34.5,0,0,198
17,25,30,2210.5,9,6,508.5,99.5,0,8,34,0,0,322.5
17,30,35,1587.5,9,6,508.5,98,0,8,34.5,0,0,222.5
17,35,40,1587,9,6,508.5,114,4.5,7,35,0,0,111.5
17,40,45,1627,9,6.5,508.5,100.5,0,6,36,0,0,128.5
17,45,50,1566.5,9,6.5,508.5,109.5,1.5,4.5,35.5,0,0,120.5
17,50,55,1513,9,6.5,508.5,125.5,2,5.5,36,0,0,121.5
17,55,60,1617.5,9,6.5,508.5,106.5,1.5,5.5,36,0,0,164.5
18,0,5,1629.5,9,6,508.5,112,0,4.5,35.5,0,0,164.5
18,5,10,1700.5,9,6,509,108.5,1.5,5.5,35.5,0,0,211
18,10,15,1478,9,6,509,113.5,2,5.5,35.5,0,0,139
18,15,20,1327.5,9,6,509,116,0.5,5.5,35.5,0,0,136
18,20,25,1165.5,9,6,509,131,0,6,36,0,0,109
18,25,30,1120.5,9,6.5,509,131,2,5.5,36,0,0,93
18,30,35,1114,9,6.5,509,106,4.5,4.5,36,0,0,103.5
18,35,40,1127.5,9,6,508.5,131,4.5,6,36,0,0,102
18,40,45,1182.5,9,6.5,508.5,112.5,0,5.5,36,0,0,101
18,45,50,1110,9,6.5,509,99,0,4.5,36,0,0,176.5
18,50,55,911.5,9,6.5,508.5,99,0,4,36,0,0,125.5
18,55,60,743,9,6,508.5,81.5,3,3,35.5,0,0,83.5
19,0,5,574.5,9,6,508.5,74.5,0,4,35,0,0,87
19,5,10,515,8.5,6,508.5,87,0,5.5,35.5,0,0,42
19,10,15,515,8.5,6,509,100.5,1.5,4.5,36,0,0,51
19,15,20,524,8.5,6,509,94,0,3,36,0,0,52.5
19,20,25,524.5,8.5,6,509,95.5,0.5,4,36,0,0,62.5
19,25,30,461.5,8.5,5.5,509,90,1.5,5.5,34.5,0,0,55.5
19,30,35,374,8.5,6,509,100,0,5.5,35,0,0,49
19,35,40,266,8.5,6,509,93,0,4,35.5,0,0,43
19,40,45,352.5,8.5,6,509,93,0,2,36,0,0,39.5
19,45,50,325,8.5,6,509,90,0,1.5,36,0,0,45
19,50,55,275,8.5,6,509,89.5,0,3,36,0,0,36
19,55,60,225.5,8.5,6,509,93,0,1.5,36.5,0,0,27
20,0,5,174.5,8.5,6,509,100,0,4,36,0,0,22
20,5,10,106.5,8.5,6,509,100,0,1.5,36.5,0,0,14
20,10,15,113.5,8.5,6,509,96,2,3,36,0,0,9.5
20,15,20,95,8.5,6,509,95.5,0,4.5,36,0,0,9
20,20,25,72.5,8.5,6,509,91.5,0,1.5,36.5,0,0,5.5
20,25,30,56,8.5,6,509,91.5,0,0,36,0,0,4.5
20,30,35,43,8.5,6,509,91.5,0,0,36,0,0,2.5
20,35,40,24,8.5,6,509,90.5,2,0,36,0,0,0
20,40,45,9.5,8.5,6,509,84.5,0,3,35.5,0,0,0
20,45,50,0,8.5,6,509,76.5,0,4,36,0,0,0
20,50,55,0,8.5,6,509,85,0,3,36,0,0,0
20,55,60,0,8.5,6,509,84.5,0,3,36,0,0,0
21,0,5,0,8.5,6,509,84.5,0,4,36.5,0,0,0
21,5,10,0,8.5,6,509,84.5,0,0.5,36.5,0,0,0
21,10,15,0,8.5,6,509,84.5,0,0,36,0,0,0
21,15,20,0,8.5,6,509,84.5,0,0,36.5,0,0,0
21,20,25,0,8.5,6,509,84.5,0,0,36.5,0,0,0
21,25,30,0,8.5,6,509.5,84.5,0,0,36,0,0,0
21,30,35,0,8.5,6,509.5,84.5,0,0,36.5,0,0,0
21,35,40,0,8.5,6,509.5,84.5,0,0,36,0,0,0
21,40,45,0,8.5,6,509.5,84.5,0,0,36.5,0,0,0
21,45,50,0,8.5,6,509.5,84.5,0,0,36.5,0,0,0
21,50,55,0,8.5,6,509.5,84.5,0,0,36.5,0,0,0
21,55,60,0,8.5,6,509.5,84.5,0,1.5,36.5,0,0,0
22,0,5,0,8.5,6,509.5,84.5,0,0,36,0,0,0
22,5,10,0,8.5,6,509.5,84.5,0,0,36,0,0,0
22,10,15,0,8.5,6,509.5,84.5,0,0,36,0,0,0
22,15,20,0,8.5,6,509.5,84.5,0,0,36,0,0,0
22,20,25,0,8.5,6,509.5,84.5,0,0,36,0,0,0
22,25,30,0,8.5,5.5,509.5,84,0,3,35.5,0,0,0
22,30,35,0,8.5,6,509.5,84,0,3,35.5,0,0,0
22,35,40,0,8.5,6,509.5,84,0,0,35.5,0,0,0
22,40,45,0,8.5,6,509.5,84,0,0,36,0,0,0
22,45,50,0,8.5,6,509.5,84,0,0,36,0,0,0
22,50,55,0,8.5,6,509.5,84,0,0,36.5,0,0,0
22,55,60,0,8.5,6,509.5,84,0,0,37,0,0,0
23,0,5,0,8.5,6,509.5,66,0,2,37,0,0,0
23,5,10,0,8.5,6,509.5,66,0,2,37.5,0,0,0
23,10,15,0,8,6,509.5,66,0,0,37.5,0,0,0
23,15,20,0,8,6,509.5,58.5,0,0,38,0,0,0
23,20,25,0,8,6,509.5,58,0,4.5,38,0,0,0
23,25,30,0,8,6,509.5,58.5,0,2,38,0,0,0
23,30,35,0,8,6,509.5,59,0,3,38,0,0,0
23,35,40,0,8,6,509.5,58.5,0,0,38,0,0,0
23,40,45,0,8,6,509.5,57,2,2,38,0,0,0
23,45,50,0,8,6,509.5,57.5,2,4.5,38.5,0,0,0
23,50,55,0,8,6,509.5,53,2,4.5,38.5,0,0,0
23,55,60,0,8,6,509.5,52.5,0,3,38.5,0,0,0
0,0,5,0,8,6,509.5,51,0,4.5,38.5,0,0,0
0,5,10,0,0,0,0,0,0,0,0,0,0,0
0,10,15,0,8,6,509.5,51.5,0,3,39,0,0,0
0,15,20,0,8,6,509.5,111,0.5,0,38.5,0,0,0
0,20,25,0,8,6,509.5,120.5,0,4,38.5,0,0,0
0,25,30,0,8,6,509.5,120.5,0,0,38.5,0,0,0
0,30,35,0,8,6,509.5,120.5,0,0,38.5,0,0,0
0,35,40,0,8,6,509.5,120.5,0,0,39,0,0,0
0,40,45,0,8,6,509.5,120.5,0,0,38.5,0,0,0
0,45,50,0,8,6,509.5,120.5,0,0,39,0,0,0
0,50,55,0,8,6,509.5,120.5,0,0,39,0,0,0
0,55,60,0,8,6,509.5,120.5,0,0,39,0,0,0
1,0,5,0,8,6,509.5,120.5,0,0,39,0,0,0
1,5,10,0,8,6,509.5,120.5,0,0,39,0,0,0
1,10,15,0,8,6,509.5,120.5,0,0,39.5,0,0,0
1,15,20,0,7.5,6,509.5,120.5,0,0,39.5,0,0,0
1,20,25,0,7.5,6,509.5,120.5,0,0,40,0,0,0
1,25,30,0,7.5,6,509.5,120.5,0,0,40,0,0,0
1,30,35,0,7.5,6,509.5,120.5,0,0,40.5,0,0,0
1,35,40,0,7.5,6,509.5,120.5,0,0,40.5,0,0,0
1,40,45,0,7.5,6,509.5,120.5,0,0,40.5,0,0,0
1,45,50,0,7.5,6,509.5,120.5,0,0,41,0,0,0
1,50,55,0,7.5,6,509.5,120.5,0,0,41,0,0,0
1,55,60,0,7.5,6,509.5,120.5,0,0,41,0,0,0
2,0,5,0,7.5,6,509.5,120.5,0,0,41,0,0,0
2,5,10,0,7.5,6,509.5,120.5,0,0,41.5,0,0,0
2,10,15,0,7.5,6,509.5,120.5,0,0,41.5,0,0,0
2,15,20,0,7,6,509.5,120.5,0,0,41.5,0,0,0
2,20,25,0,7,6,509.5,120.5,0,0,42,0,0,0
2,25,30,0,7,6,509.5,120.5,0,0,42,0,0,0
2,30,35,0,7,6,509.5,120.5,0,0,42,0,0,0
2,35,40,0,7,6,509.5,120.5,0,0,42,0,0,0
2,40,45,0,7,6,509.5,120.5,0,0,42.5,0,0,0
2,45,50,0,7,6,509.5,120.5,0,0,42.5,0,0,0
2,50,55,0,7,5.5,509.5,120.5,0,0,42.5,0,0,0
2,55,60,0,7,5.5,509.5,120.5,0,0,42.5,0,0,0
3,0,5,0,7,5.5,509.5,120.5,0,0,43,0,0,0
3,5,10,0,7,5.5,509.5,120.5,0,0,43,0,0,0
3,10,15,0,7,5.5,509.5,120.5,0,0,43,0,0,0
3,15,20,0,7,5.5,509.5,120.5,0,0,43,0,0,0
3,20,25,0,7,5.5,509.5,120.5,0,0,43,0,0,0
3,25,30,0,7,5.5,509.5,120.5,0,0,43,0,0,0
3,30,35,0,7,5.5,509.5,120.5,0,0,43,0,0,0
3,35,40,0,7,5.5,509.5,120.5,0,0,43,0,0,0
3,40,45,0,7,5.5,509,120.5,0,0,43,0,0,0
3,45,50,0,6.5,5.5,509,120.5,0,0,43,0,0,0
3,50,55,0,6.5,5.5,509,120.5,0,0,43,0,0,0
3,55,60,0,6.5,5.5,509,120.5,0,0,43.5,0,0,0
4,0,5,0,6.5,5.5,509,120.5,0,0,43.5,0,0,0
4,5,10,0,6.5,5.5,509,120.5,0,0,43.5,0,0,0
4,10,15,0,6.5,5.5,509,120.5,0,0,43.5,0,0,0
4,15,20,0,6.5,5.5,509,120.5,0,0,43.5,0,0,0
4,20,25,0,6.5,5.5,509,120.5,0,0,44,0,0,0
4,25,30,0,6.5,5.5,509,120.5,0,0,44,0,0,0
4,30,35,0,6.5,5.5,509,120.5,0,0,43.5,0,0,0
4,35,40,0,6.5,5.5,509,120.5,0,0,43.5,0,0,0
4,40,45,0,6.5,5.5,509,120.5,0,0,43.5,0,0,0
4,45,50,0,6.5,5.5,509,120.5,0,0,44,0,0,0
4,50,55,0,6.5,5.5,509,120,0,0,44,0,0,0
4,55,60,0,6.5,5.5,509,120,0,0,44,0,0,0
5,0,5,0,6.5,5.5,509,120,0,0,44,0,0,0
5,5,10,0,6.5,5.5,509,117,0,0,44,0,0,0
5,10,15,0,6.5,5.5,509,85.5,0,0.5,44,0,0,0
5,15,20,0,6.5,5.5,509,80.5,0,0,44,0,0,0
5,20,25,0,6.5,5.5,509,69,0,1.5,44,0,0,0
5,25,30,0,6.5,5.5,509,69,0,4,44,0,0,0
5,30,35,0,6.5,5.5,509,69,0,0,44,0,0,0
5,35,40,0,6.5,5.5,509,68,0,0,44,0,0,0
5,40,45,0,6.5,5.5,509,68,0,1.5,44,0,0,0
5,45,50,0,6.5,5.5,509,68,0,0,44,0,0,0
5,50,55,0,6.5,5.5,509,68,0,0.5,44,0,0,0
5,55,60,0,6.5,5.5,509,68,0,1.5,44,0,0,0
6,0,5,0,6.5,5.5,509,68,0,2,44,0,0,0
6,5,10,0,6.5,5.5,509,68,0,0.5,44,0,0,0
6,10,15,0,6.5,5.5,509,68,1.5,0,44,0,0,0
6,15,20,0,6.5,5.5,509,68,0,3,44,0,0,0
6,20,25,0,6.5,5.5,509,68,0,2,44,0,0,0
6,25,30,0,6.5,5.5,509,68,0,0,44,0,0,0
6,30,35,0,6.5,5.5,509,67.5,0,2,44,0,0,2.5
6,35,40,45.5,6.5,5.5,509,67.5,1.5,3,44,0,0,4.5
6,40,45,66,6.5,5.5,509,67.5,0,2,43.5,0,0,5.5
6,45,50,82.5,6.5,5.5,509,67,0,1.5,43.5,0,0,7
6,50,55,103,6.5,5.5,509,67,0,3,43.5,0,0,10.5
6,55,60,129.5,6.5,5.5,509,67,0,0,43.5,0,0,13
7,0,5,160,6.5,5.5,509,67,0,2,43,0,0,17.5
7,5,10,185.5,6.5,5.5,509,67,0,1.5,43,0,0,23
7,10,15,212,6.5,5.5,509,67,0,0,42.5,0,0,28
7,15,20,273,7,5.5,509,49.5,2,0,42.5,0,0,36
7,20,25,345.5,7,5.5,509,53.5,1.5,5.5,42,0,0,42
7,25,30,396.5,7,5.5,509,53,0,4.5,41.5,0,0,50
7,30,35,444,7,5.5,509.5,50.5,3,4.5,41.5,0,0,57
7,35,40,617,7,5.5,509.5,58.5,0,5.5,41,0,0,65
7,40,45,727,7,5.5,509.5,51.5,0.5,4.5,41,0,0,74
7,45,50,737,7,5.5,509.5,52.5,0.5,4.5,40.5,0,0,81.5
7,50,55,743,7.5,5.5,509.5,54.5,0,3,40.5,0,0,90.5
7,55,60,712.5,7.5,6,509.5,54.5,0,5.5,40.5,0,0,97.5
8,0,5,783,7.5,6,509.5,54,0,0,40,0,0,105.5
8,5,10,852.5,7.5,6,509.5,52.5,3,4.5,39.5,0,0,113.5
8,10,15,933,8,6,509.5,49,0,4.5,39,0,0,119.5
8,15,20,953.5,8,6,509.5,47.5,3,4.5,39,0,0,127.5
8,20,25,920,8,6,509.5,44.5,0,4.5,38.5,0,0,134.5
8,25,30,912.5,8,6,509.5,44,0,4.5,38.5,0,0,142.5
8,30,35,1000.5,8,6,509.5,47,0.5,5.5,38.5,0,0,150.5
8,35,40,1133,8,6,509.5,52.5,0,4.5,38,0,0,157.5
8,40,45,1284.5,8.5,6,509.5,50.5,0,3,38,0,0,165
8,45,50,1218.5,8.5,6,509.5,50,0,4.5,37.5,0,0,172.5
8,50,55,1054,8.5,6.5,509.5,50.5,0,3,37.5,0,0,176
8,55,60,1089.5,8.5,6,509.5,39,0,5.5,37,0,0,183.5
9,0,5,829,9,6.5,509.5,46,0,2,37,0,0,191.5
9,5,10,963.5,9,6.5,509.5,41,0.5,5.5,36.5,0,0,198.5
9,10,15,1225,9,6.5,509.5,65.5,0,7,36.5,0,0,205
9,15,20,1261,9,6,509.5,54.5,0,6,36,0,0,213.5
9,20,25,1279.5,9,6.5,509.5,44.5,2,8,35.5,0,0,225
9,25,30,1422,9,6.5,509.5,38,3,8,36,0,0,219.5
9,30,35,1516,9,6.5,509.5,38.5,5.5,7,35,0,0,215.5
9,35,40,1845.5,9.5,6.5,509.5,32.5,3,7,35,0,0,251.5
9,40,45,2225,9.5,6.5,509.5,52,2,5.5,34,0,0,273.5
9,45,50,2412,9.5,6.5,509.5,47,3,8.5,33.5,0,0,282
9,50,55,2521.5,9.5,6.5,509.5,51.5,2,8,33.5,0,0,212.5
9,55,60,2671,9.5,6.5,509.5,35.5,4.5,10,33,0,0,232
10,0,5,2920.5,9.5,6.5,509.5,57,3,10,33,0,0,242.5
10,5,10,3392,10,6.5,509.5,46,0.5,7,33,0,0,297
10,10,15,3492,10,6.5,509.5,34.5,0,6,33,0,0,307.5
10,15,20,3520.5,10,6.5,509.5,57.5,5.5,5.5,32,0,0,315.5
10,20,25,3472,10,6.5,509.5,38.5,0,8.5,31.5,0,0,313
10,25,30,3334,10.5,6.5,509.5,55,2,7,32,0,0,292.5
10,30,35,3606.5,10.5,6.5,509.5,49,5.5,6,31,0,0,285.5
10,35,40,3026.5,10.5,6.5,509.5,54.5,3,8,31.5,0,0,329.5
10,40,45,3690.5,10.5,6.5,509.5,56.5,6,7,31,0,0,341
10,45,50,3674.5,10.5,6.5,509.5,40,2,8.5,31,0,0,302.5
10,50,55,3694.5,10.5,6.5,509.5,55.5,0,7,31,0,0,284
10,55,60,3835.5,10.5,6.5,509.5,49.5,5.5,9.5,31,0,0,302.5
11,0,5,3685.5,10.5,6.5,509.5,43,2,8,31,0,0,283
11,5,10,4184.5,10.5,6.5,509.5,60.5,8.5,8.5,31,0,0,366.5
11,10,15,4460.5,10.5,6.5,509.5,44,3,8.5,30.5,0,0,368.5
11,15,20,4481,10.5,6.5,509.5,54.5,0,7,30.5,0,0,372
11,20,25,4532.5,11,6.5,509.5,45,0,8,29.5,0,0,371
11,25,30,4525,11,6.5,509.5,60,4,8,29.5,0,0,375.5
11,30,35,4743.5,11,6.5,509.5,41,4,8.5,29,0,0,378
11,35,40,4927.5,11,6.5,509.5,45,9.5,9.5,28,0,0,379.5
11,40,45,5019,11,6.5,509.5,54.5,0,9.5,28,0,0,384
11,45,50,5054,11,6,509.5,55,3,9.5,27,0,0,387.5
11,50,55,5100.5,11,6.5,509.5,40,2,9.5,27,0,0,393
11,55,60,5115.5,11,6,509.5,41.5,5.5,8.5,26.5,0,0,396.5
12,0,5,5115,11,6,509.5,51.5,1.5,8,26.5,0,0,398
12,5,10,5134.5,11.5,6,509.5,44,0.5,6,26.5,0,0,400
12,10,15,5150,11.5,6,509.5,70,0,5.5,26,0,0,405
12,15,20,5181,11.5,6,509.5,38.5,0.5,3,25,0,0,408.5
12,20,25,5189.5,11.5,6,509.5,61,4,4,24,0,0,414
12,25,30,5208,11.5,6.5,509.5,38,2,5.5,26,0,0,415.5
12,30,35,5202.5,11.5,6,509.5,25.5,2,7,24.5,0,0,416.5
12,35,40,5231,11.5,6,509.5,45,0,8,25,0,0,418.5
12,40,45,5219.5,12,6,509,31.5,4,8,25,0,0,415.5
12,45,50,5248.5,12,6,509,40.5,4,6,24,0,0,423.5
12,50,55,5291.5,12,6,509,25.5,3,6,24.5,0,0,428
12,55,60,5320.5,12,6.5,509,36.5,2,5.5,25.5,0,0,433.5
13,0,5,4952,12,6,509,34.5,0,5.5,24.5,0,0,436
13,5,10,4705,12,6,509,43.5,0,4,24.5,0,0,432.5
13,10,15,5200.5,12,6,509,27.5,4,4,24.5,0,0,447.5
13,15,20,3929.5,12,6,509,44,3,5.5,24.5,0,0,331.5
13,20,25,4822.5,12,6,509,0,3,4,24,0,0,446.5
13,25,30,5449.5,12,6,509,62.5,0.5,8,25,0,0,455.5
13,30,35,5374.5,12,6,509,21.5,3,7,24.5,0,0,444
13,35,40,5308.5,12,6,509,49,5.5,7,24.5,0,0,442
13,40,45,5235.5,12,6,509,38.5,0,5.5,24,0,0,441
13,45,50,5170.5,12,6,509,37.5,2,4,24,0,0,419
13,50,55,5114,12,6,509,35.5,0,3,24,0,0,438.5
13,55,60,4572.5,12,6,508.5,37,0,2,23.5,0,0,414
14,0,5,3400.5,12,6,508.5,23,0,2,22.5,0,0,353.5
14,5,10,4324,12,6,508.5,12,2,4.5,23,0,0,353.5
14,10,15,4675.5,12,6,508.5,28,2,4.5,24,0,0,424.5
14,15,20,4702.5,12.5,6,508.5,30.5,0,5.5,22.5,0,0,424.5
14,20,25,4654,12,6,508.5,41.5,0,4,22.5,0,0,421
14,25,30,4556.5,12.5,6.5,508.5,129,5.5,6,24.5,0,0,418.5
14,30,35,4460.5,12,6.5,508.5,144.5,3,6,26.5,0,0,422
14,35,40,4403,12,6.5,508.5,144.5,2,9.5,27,0,0,422
14,40,45,4352.5,11.5,6.5,508.5,133.5,2,6,27,0,0,412
14,45,50,4211,11.5,6.5,508.5,159,7,10,27,0,0,412
14,50,55,3709.5,11.5,6.5,508.5,163,9.5,9.5,26.5,0,0,406
14,55,60,3071.5,11.5,6.5,508.5,145.5,2,12,26,0,0,400
15,0,5,2493,11.5,6.5,508.5,128.5,9.5,12,26.5,0,0,399
15,5,10,2330.5,11.5,6,508.5,122,5.5,9.5,26,0,0,394
15,10,15,2209,11.5,6,508.5,149.5,6,9.5,26,0,0,393
15,15,20,2109.5,11.5,6,508.5,164,3,12.5,26,0,0,379
15,20,25,2035,11.5,6,508.5,144.5,1.5,13.5,26,0,0,388.5
15,25,30,1938,11.5,6,508.5,132,2,5.5,26,0,0,385
15,30,35,1862,11.5,6,508.5,157,0.5,3,25.5,0,0,373.5
15,35,40,1976,11.5,6,508.5,129,3,6,25.5,0,0,368.5
15,40,45,1957.5,11.5,6,508.5,155,5.5,10,25,0,0,365.5
15,45,50,1885.5,11.5,6,508.5,161.5,1.5,11,25.5,0,0,358.5
15,50,55,1954,11.5,6,508.5,142,0.5,8,25.5,0,0,358.5
15,55,60,1964,11.5,6,508.5,151.5,5.5,8,25,0,0,355
16,0,5,1929,11.5,5.5,508.5,126.5,2,9.5,24,0,0,352.5
16,5,10,1866.5,11.5,6,508.5,164.5,0.5,8,25.5,0,0,345.5
16,10,15,1814.5,11.5,6,508.5,163,6,9.5,25.5,0,0,343
16,15,20,1776.5,11.5,6,508.5,163.5,0,7,26,0,0,336.5
16,20,25,1735.5,11.5,6,508.5,164.5,3,4.5,26,0,0,328.5
16,25,30,1699.5,11.5,6,508,158.5,3,8,25,0,0,328
16,30,35,1848.5,11.5,6,508,157,0.5,8.5,25.5,0,0,321
16,35,40,1808,11.5,6,508,152,0.5,8.5,26,0,0,307.5
16,40,45,1605.5,11.5,6,508,147,0,8.5,25.5,0,0,287.5
16,45,50,1700.5,11.5,6,508,147.5,0,10,26,0,0,295
16,50,55,1684.5,11.5,6,508,153,4,9.5,26,0,0,291
16,55,60,1595.5,11.5,6,508,162.5,4,9.5,26,0,0,279.5
17,0,5,1813.5,11.5,6,508,151.5,1.5,8,25.5,0,0,270.5
17,5,10,1785,11.5,6,508,138.5,1.5,9.5,25.5,0,0,246
17,10,15,1728.5,11.5,6,508,160.5,3,4.5,25,0,0,274
17,15,20,1963.5,11.5,6,508,133,2,8,25.5,0,0,263.5
17,20,25,1953.5,11.5,6,508,159.5,2,8.5,25,0,0,240
17,25,30,1873,11.5,5.5,508,131.5,1.5,7,24.5,0,0,189
17,30,35,1988.5,11.5,6,508,155,0,11,25.5,0,0,198
17,35,40,2123.5,11.5,5.5,508,135,3,7,24.5,0,0,261
17,40,45,2111.5,11,5.5,508,157,9.5,10,25,0,0,246
17,45,50,2013,11,5.5,508,151,8.5,12,25,0,0,231
17,50,55,1905.5,11,5.5,508,130.5,4.5,12.5,25,0,0,220.5
17,55,60,1883.5,11,5.5,508,144.5,5.5,9.5,25,0,0,210
18,0,5,1819.5,11,5.5,508,154.5,2,12.5,25.5,0,0,201.5
18,5,10,1730.5,11,5.5,508,163,4,12,25.5,0,0,190.5
18,10,15,1661.5,11,6,508,150.5,3,6,25.5,0,0,185.5
18,15,20,1550.5,11,6,508,151.5,7,7,26,0,0,167
18,20,25,1624,11,5.5,508,148,1.5,12,26,0,0,171.5
18,25,30,1556,11,5.5,508,156,2,10,26,0,0,143.5
18,30,35,1473.5,11,5.5,508,163.5,1.5,11,26,0,0,142.5
18,35,40,1276,11,5.5,508,149,4,12.5,25.5,0,0,147
18,40,45,1052.5,11,5.5,508,161.5,0.5,12,26,0,0,141.5
18,45,50,1000.5,11,5.5,508,144,1.5,12.5,25.5,0,0,134.5
18,50,55,934,11,5.5,508,152,5.5,6,25.5,0,0,110.5
18,55,60,817,11,5.5,508,142.5,1.5,9.5,26,0,0,112.5
19,0,5,721,11,5.5,508,166,3,9.5,26,0,0,101
19,5,10,593.5,11,5.5,508,144,3,12,26,0,0,90.5
19,10,15,524,11,5.5,508,158.5,6,12,26,0,0,96
19,15,20,430,11,5.5,508,151.5,1.5,9.5,26,0,0,82.5
19,20,25,353,11,5.5,508,156.5,1.5,8.5,26,0,0,75.5
19,25,30,286,11,5.5,508,144.5,0,5.5,26,0,0,60.5
19,30,35,228,11,5.5,508,145,0,3,26,0,0,40.5
19,35,40,219.5,11,6,508,151,0,4,26.5,0,0,42
19,40,45,215.5,10.5,5.5,508,164.5,1.5,10,26.5,0,0,44
19,45,50,202.5,10.5,5.5,508,143.5,6,8,26.5,0,0,40.5
19,50,55,161,10.5,5.5,508,162.5,0.5,8.5,27,0,0,18.5
19,55,60,158,10.5,5.5,508,157,2,12,27,0,0,21
20,0,5,158,10.5,5.5,508,156.5,1.5,7,27,0,0,18.5
20,5,10,162.5,10.5,5.5,508,153.5,1.5,4.5,27,0,0,16.5
20,10,15,148.5,10.5,5.5,508,166.5,0,6,27.5,0,0,13
20,15,20,128,10.5,5.5,508,147,6,6,27.5,0,0,9.5
20,20,25,114,10.5,5.5,508,153.5,1.5,8,27.5,0,0,8
20,25,30,86.5,10.5,5.5,508,146,0,4,28,0,0,6
20,30,35,58,10,5.5,508,161.5,2,4,28,0,0,4.5
20,35,40,39,10,5.5,508,168,1.5,8,28,0,0,2.5
20,40,45,20.5,10,5.5,508,168,0.5,4,28.5,0,0,0
20,45,50,0,10,5.5,508,160.5,0.5,4,28.5,0,0,0
20,50,55,0,10,5.5,508,158,2,4,28.5,0,0,0
20,55,60,0,10,5.5,508,150,2,7,29,0,0,0
21,0,5,0,10,5.5,508,157,0,7,29,0,0,0
21,5,10,0,10,5.5,508,158.5,0,4,29,0,0,0
21,10,15,0,10,5.5,508,157.5,0,3,29.5,0,0,0
21,15,20,0,10,5.5,508,158,0,2,29.5,0,0,0
21,20,25,0,10,5.5,508,159.5,3,3,29.5,0,0,0
21,25,30,0,9.5,5.5,508,154.5,4,4.5,30,0,0,0
21,30,35,0,9.5,5.5,508,153,0,4,30,0,0,0
21,35,40,0,9.5,5.5,508,158.5,0,4.5,30,0,0,0
21,40,45,0,9.5,5.5,508,167.5,0.5,4.5,30.5,0,0,0
21,45,50,0,9.5,5.5,508,161.5,1.5,7,30.5,0,0,0
21,50,55,0,9.5,5.5,508,163.5,1.5,4.5,31,0,0,0
21,55,60,0,9.5,5.5,508,160.5,0,4,31,0,0,0
22,0,5,0,9.5,6,508,160.5,2,3,31.5,0,0,0
22,5,10,0,9.5,5.5,508,160.5,0,3,31.5,0,0,0
22,10,15,0,9.5,6,508,160.5,0,2,32,0,0,0
22,15,20,0,9.5,6,508,160.5,0,0,32,0,0,0
22,20,25,0,9,6,508,160.5,0,0,32.5,0,0,0
22,25,30,0,9,6,508,160.5,0,0,32.5,0,0,0
22,30,35,0,9,6,508,160.5,0,0,32.5,0,0,0
22,35,40,0,9,6,508,160.5,0,0,32.5,0,0,0
22,40,45,0,9,6,508,160.5,0,0,33,0,0,0
22,45,50,0,9,6,508,160.5,0,0,33,0,0,0
22,50,55,0,9,6,508,160.5,0,0,33,0,0,0
22,55,60,0,9,6,508,160.5,0,0,33,0,0,0
23,0,5,0,9,6,508,160.5,0,0,33.5,0,0,0
23,5,10,0,9,6,508,160.5,0,0,33.5,0,0,0
23,10,15,0,9,6,508,160.5,0,0,34,0,0,0
23,15,20,0,9,6,508,160.5,0,0,34,0,0,0
23,20,25,0,9,6,508,160.5,0,0,34,0,0,0
23,25,30,0,9,6,508,160.5,0,0,34,0,0,0
23,30,35,0,9,6,508,160.5,0,0,34,0,0,0
23,35,40,0,9,6,508,160.5,0,0,34.5,0,0,0
23,40,45,0,9,6,508,160.5,0,0,34.5,0,0,0
23,45,50,0,9,6,508,160.5,0,0,35,0,0,0
23,50,55,0,9,6,508,160.5,0,0,35,0,0,0
23,55,60,0,8.5,6,508,160.5,0,0,35,0,0,0
